"PrecursorName","Replicate","Total.Area"
"01_malic acid","IMS_20V_HAHM_36h_R1_07",247507
"01_malic acid","IMS_20V_HAHM_36h_R2_08",267129
"01_malic acid","IMS_20V_HAHM_36h_R3_09",354151
"01_malic acid","IMS_20V_HAHM_60h_R1_19",225640
"01_malic acid","IMS_20V_HAHM_60h_R2_20",280159
"01_malic acid","IMS_20V_HAHM_60h_R3_21",211845
"01_malic acid","IMS_20V_HALM_36h_R1_04",608504
"01_malic acid","IMS_20V_HALM_36h_R2_05",591077
"01_malic acid","IMS_20V_HALM_36h_R3_06",657735
"01_malic acid","IMS_20V_HALM_60h_R1_16",215288
"01_malic acid","IMS_20V_HALM_60h_R2_17",210184
"01_malic acid","IMS_20V_HALM_60h_R3_18",134867
"01_malic acid","IMS_20V_LAHM_36h_R1_10",229755
"01_malic acid","IMS_20V_LAHM_36h_R2_11",240485
"01_malic acid","IMS_20V_LAHM_36h_R3_12",227794
"01_malic acid","IMS_20V_LAHM_60h_R1_22",204511
"01_malic acid","IMS_20V_LAHM_60h_R2_23",135823
"01_malic acid","IMS_20V_LAHM_60h_R3_24",242822
"01_malic acid","IMS_20V_LALM_36h_R1_01",421566
"01_malic acid","IMS_20V_LALM_36h_R2_02",362986
"01_malic acid","IMS_20V_LALM_36h_R3_03",390093
"01_malic acid","IMS_20V_LALM_60h_R1_13",416399
"01_malic acid","IMS_20V_LALM_60h_R2_14",375555
"01_malic acid","IMS_20V_LALM_60h_R3_15",425770
"01_malic acid","IMS_40V_HAHM_36h_R1_07",232273
"01_malic acid","IMS_40V_HAHM_36h_R2_08",219671
"01_malic acid","IMS_40V_HAHM_36h_R3_09",316580
"01_malic acid","IMS_40V_HAHM_60h_R1_19",221841
"01_malic acid","IMS_40V_HAHM_60h_R2_20",311028
"01_malic acid","IMS_40V_HAHM_60h_R3_21",202357
"01_malic acid","IMS_40V_HALM_36h_R1_04",560006
"01_malic acid","IMS_40V_HALM_36h_R2_05",576618
"01_malic acid","IMS_40V_HALM_36h_R3_06",598049
"01_malic acid","IMS_40V_HALM_60h_R1_16",231088
"01_malic acid","IMS_40V_HALM_60h_R2_17",180481
"01_malic acid","IMS_40V_HALM_60h_R3_18",143654
"01_malic acid","IMS_40V_LAHM_36h_R1_10",241765
"01_malic acid","IMS_40V_LAHM_36h_R2_11",218286
"01_malic acid","IMS_40V_LAHM_36h_R3_12",248627
"01_malic acid","IMS_40V_LAHM_60h_R1_22",183656
"01_malic acid","IMS_40V_LAHM_60h_R2_23",118872
"01_malic acid","IMS_40V_LAHM_60h_R3_24",206497
"01_malic acid","IMS_40V_LALM_36h_R1_01",373342
"01_malic acid","IMS_40V_LALM_36h_R2_02",378016
"01_malic acid","IMS_40V_LALM_36h_R3_03",379304
"01_malic acid","IMS_40V_LALM_60h_R1_13",357424
"01_malic acid","IMS_40V_LALM_60h_R2_14",363686
"01_malic acid","IMS_40V_LALM_60h_R3_15",363650
"05_isocitric acid","IMS_20V_HAHM_36h_R1_07",3697155
"05_isocitric acid","IMS_20V_HAHM_36h_R2_08",4724532
"05_isocitric acid","IMS_20V_HAHM_36h_R3_09",1594371
"05_isocitric acid","IMS_20V_HAHM_60h_R1_19",9045393
"05_isocitric acid","IMS_20V_HAHM_60h_R2_20",6378143
"05_isocitric acid","IMS_20V_HAHM_60h_R3_21",4524818
"05_isocitric acid","IMS_20V_HALM_36h_R1_04",3798997
"05_isocitric acid","IMS_20V_HALM_36h_R2_05",2520054
"05_isocitric acid","IMS_20V_HALM_36h_R3_06",2931320
"05_isocitric acid","IMS_20V_HALM_60h_R1_16",4122586
"05_isocitric acid","IMS_20V_HALM_60h_R2_17",3654852
"05_isocitric acid","IMS_20V_HALM_60h_R3_18",3827551
"05_isocitric acid","IMS_20V_LAHM_36h_R1_10",3452841
"05_isocitric acid","IMS_20V_LAHM_36h_R2_11",3051056
"05_isocitric acid","IMS_20V_LAHM_36h_R3_12",1409492
"05_isocitric acid","IMS_20V_LAHM_60h_R1_22",4745460
"05_isocitric acid","IMS_20V_LAHM_60h_R2_23",3399342
"05_isocitric acid","IMS_20V_LAHM_60h_R3_24",2106317
"05_isocitric acid","IMS_20V_LALM_36h_R1_01",1593710
"05_isocitric acid","IMS_20V_LALM_36h_R2_02",4549457
"05_isocitric acid","IMS_20V_LALM_36h_R3_03",1538696
"05_isocitric acid","IMS_20V_LALM_60h_R1_13",4557388
"05_isocitric acid","IMS_20V_LALM_60h_R2_14",3898117
"05_isocitric acid","IMS_20V_LALM_60h_R3_15",4752269
"05_isocitric acid","IMS_40V_HAHM_36h_R1_07",1293132
"05_isocitric acid","IMS_40V_HAHM_36h_R2_08",2720472
"05_isocitric acid","IMS_40V_HAHM_36h_R3_09",1121137
"05_isocitric acid","IMS_40V_HAHM_60h_R1_19",1438627
"05_isocitric acid","IMS_40V_HAHM_60h_R2_20",2776087
"05_isocitric acid","IMS_40V_HAHM_60h_R3_21",3997128
"05_isocitric acid","IMS_40V_HALM_36h_R1_04",2240493
"05_isocitric acid","IMS_40V_HALM_36h_R2_05",2129428
"05_isocitric acid","IMS_40V_HALM_36h_R3_06",1426614
"05_isocitric acid","IMS_40V_HALM_60h_R1_16",2556725
"05_isocitric acid","IMS_40V_HALM_60h_R2_17",2169865
"05_isocitric acid","IMS_40V_HALM_60h_R3_18",1080603
"05_isocitric acid","IMS_40V_LAHM_36h_R1_10",2824552
"05_isocitric acid","IMS_40V_LAHM_36h_R2_11",1919014
"05_isocitric acid","IMS_40V_LAHM_36h_R3_12",1712965
"05_isocitric acid","IMS_40V_LAHM_60h_R1_22",2669203
"05_isocitric acid","IMS_40V_LAHM_60h_R2_23",2538236
"05_isocitric acid","IMS_40V_LAHM_60h_R3_24",2035064
"05_isocitric acid","IMS_40V_LALM_36h_R1_01",1107373
"05_isocitric acid","IMS_40V_LALM_36h_R2_02",3184256
"05_isocitric acid","IMS_40V_LALM_36h_R3_03",1429643
"05_isocitric acid","IMS_40V_LALM_60h_R1_13",2980496
"05_isocitric acid","IMS_40V_LALM_60h_R2_14",2382218
"05_isocitric acid","IMS_40V_LALM_60h_R3_15",3472997
"07_succinic acid","IMS_20V_HAHM_36h_R1_07",32841
"07_succinic acid","IMS_20V_HAHM_36h_R2_08",10050
"07_succinic acid","IMS_20V_HAHM_36h_R3_09",32077
"07_succinic acid","IMS_20V_HAHM_60h_R1_19",26942
"07_succinic acid","IMS_20V_HAHM_60h_R2_20",8848
"07_succinic acid","IMS_20V_HAHM_60h_R3_21",16339
"07_succinic acid","IMS_20V_HALM_36h_R1_04",45287
"07_succinic acid","IMS_20V_HALM_36h_R2_05",34175
"07_succinic acid","IMS_20V_HALM_36h_R3_06",40767
"07_succinic acid","IMS_20V_HALM_60h_R1_16",22118
"07_succinic acid","IMS_20V_HALM_60h_R2_17",19949
"07_succinic acid","IMS_20V_HALM_60h_R3_18",15517
"07_succinic acid","IMS_20V_LAHM_36h_R1_10",32044
"07_succinic acid","IMS_20V_LAHM_36h_R2_11",33174
"07_succinic acid","IMS_20V_LAHM_36h_R3_12",24843
"07_succinic acid","IMS_20V_LAHM_60h_R1_22",16666
"07_succinic acid","IMS_20V_LAHM_60h_R2_23",16524
"07_succinic acid","IMS_20V_LAHM_60h_R3_24",17752
"07_succinic acid","IMS_20V_LALM_36h_R1_01",70505
"07_succinic acid","IMS_20V_LALM_36h_R2_02",37311
"07_succinic acid","IMS_20V_LALM_36h_R3_03",34101
"07_succinic acid","IMS_20V_LALM_60h_R1_13",40786
"07_succinic acid","IMS_20V_LALM_60h_R2_14",56124
"07_succinic acid","IMS_20V_LALM_60h_R3_15",49043
"07_succinic acid","IMS_40V_HAHM_36h_R1_07",34054
"07_succinic acid","IMS_40V_HAHM_36h_R2_08",22616
"07_succinic acid","IMS_40V_HAHM_36h_R3_09",24871
"07_succinic acid","IMS_40V_HAHM_60h_R1_19",17653
"07_succinic acid","IMS_40V_HAHM_60h_R2_20",10144
"07_succinic acid","IMS_40V_HAHM_60h_R3_21",11236
"07_succinic acid","IMS_40V_HALM_36h_R1_04",42441
"07_succinic acid","IMS_40V_HALM_36h_R2_05",28643
"07_succinic acid","IMS_40V_HALM_36h_R3_06",44558
"07_succinic acid","IMS_40V_HALM_60h_R1_16",13393
"07_succinic acid","IMS_40V_HALM_60h_R2_17",13317
"07_succinic acid","IMS_40V_HALM_60h_R3_18",7910
"07_succinic acid","IMS_40V_LAHM_36h_R1_10",14322
"07_succinic acid","IMS_40V_LAHM_36h_R2_11",23648
"07_succinic acid","IMS_40V_LAHM_36h_R3_12",24195
"07_succinic acid","IMS_40V_LAHM_60h_R1_22",14064
"07_succinic acid","IMS_40V_LAHM_60h_R2_23",15721
"07_succinic acid","IMS_40V_LAHM_60h_R3_24",19983
"07_succinic acid","IMS_40V_LALM_36h_R1_01",43123
"07_succinic acid","IMS_40V_LALM_36h_R2_02",45340
"07_succinic acid","IMS_40V_LALM_36h_R3_03",41042
"07_succinic acid","IMS_40V_LALM_60h_R1_13",50157
"07_succinic acid","IMS_40V_LALM_60h_R2_14",51169
"07_succinic acid","IMS_40V_LALM_60h_R3_15",30025
"08_alpha-ketoglutaric acid (aKG)","IMS_20V_HAHM_36h_R1_07",5933
"08_alpha-ketoglutaric acid (aKG)","IMS_20V_HAHM_36h_R2_08",NA
"08_alpha-ketoglutaric acid (aKG)","IMS_20V_HAHM_36h_R3_09",NA
"08_alpha-ketoglutaric acid (aKG)","IMS_20V_HAHM_60h_R1_19",5129
"08_alpha-ketoglutaric acid (aKG)","IMS_20V_HAHM_60h_R2_20",1260
"08_alpha-ketoglutaric acid (aKG)","IMS_20V_HAHM_60h_R3_21",1238
"08_alpha-ketoglutaric acid (aKG)","IMS_20V_HALM_36h_R1_04",4438
"08_alpha-ketoglutaric acid (aKG)","IMS_20V_HALM_36h_R2_05",2527
"08_alpha-ketoglutaric acid (aKG)","IMS_20V_HALM_36h_R3_06",6955
"08_alpha-ketoglutaric acid (aKG)","IMS_20V_HALM_60h_R1_16",NA
"08_alpha-ketoglutaric acid (aKG)","IMS_20V_HALM_60h_R2_17",541
"08_alpha-ketoglutaric acid (aKG)","IMS_20V_HALM_60h_R3_18",515
"08_alpha-ketoglutaric acid (aKG)","IMS_20V_LAHM_36h_R1_10",2197
"08_alpha-ketoglutaric acid (aKG)","IMS_20V_LAHM_36h_R2_11",141
"08_alpha-ketoglutaric acid (aKG)","IMS_20V_LAHM_36h_R3_12",NA
"08_alpha-ketoglutaric acid (aKG)","IMS_20V_LAHM_60h_R1_22",328
"08_alpha-ketoglutaric acid (aKG)","IMS_20V_LAHM_60h_R2_23",1739
"08_alpha-ketoglutaric acid (aKG)","IMS_20V_LAHM_60h_R3_24",915
"08_alpha-ketoglutaric acid (aKG)","IMS_20V_LALM_36h_R1_01",1285
"08_alpha-ketoglutaric acid (aKG)","IMS_20V_LALM_36h_R2_02",3573
"08_alpha-ketoglutaric acid (aKG)","IMS_20V_LALM_36h_R3_03",7061
"08_alpha-ketoglutaric acid (aKG)","IMS_20V_LALM_60h_R1_13",23693
"08_alpha-ketoglutaric acid (aKG)","IMS_20V_LALM_60h_R2_14",33930
"08_alpha-ketoglutaric acid (aKG)","IMS_20V_LALM_60h_R3_15",18104
"08_alpha-ketoglutaric acid (aKG)","IMS_40V_HAHM_36h_R1_07",5069
"08_alpha-ketoglutaric acid (aKG)","IMS_40V_HAHM_36h_R2_08",1115
"08_alpha-ketoglutaric acid (aKG)","IMS_40V_HAHM_36h_R3_09",NA
"08_alpha-ketoglutaric acid (aKG)","IMS_40V_HAHM_60h_R1_19",5356
"08_alpha-ketoglutaric acid (aKG)","IMS_40V_HAHM_60h_R2_20",3647
"08_alpha-ketoglutaric acid (aKG)","IMS_40V_HAHM_60h_R3_21",3295
"08_alpha-ketoglutaric acid (aKG)","IMS_40V_HALM_36h_R1_04",NA
"08_alpha-ketoglutaric acid (aKG)","IMS_40V_HALM_36h_R2_05",10240
"08_alpha-ketoglutaric acid (aKG)","IMS_40V_HALM_36h_R3_06",423
"08_alpha-ketoglutaric acid (aKG)","IMS_40V_HALM_60h_R1_16",1889
"08_alpha-ketoglutaric acid (aKG)","IMS_40V_HALM_60h_R2_17",NA
"08_alpha-ketoglutaric acid (aKG)","IMS_40V_HALM_60h_R3_18",NA
"08_alpha-ketoglutaric acid (aKG)","IMS_40V_LAHM_36h_R1_10",NA
"08_alpha-ketoglutaric acid (aKG)","IMS_40V_LAHM_36h_R2_11",5850
"08_alpha-ketoglutaric acid (aKG)","IMS_40V_LAHM_36h_R3_12",1718
"08_alpha-ketoglutaric acid (aKG)","IMS_40V_LAHM_60h_R1_22",2595
"08_alpha-ketoglutaric acid (aKG)","IMS_40V_LAHM_60h_R2_23",6729
"08_alpha-ketoglutaric acid (aKG)","IMS_40V_LAHM_60h_R3_24",1747
"08_alpha-ketoglutaric acid (aKG)","IMS_40V_LALM_36h_R1_01",4930
"08_alpha-ketoglutaric acid (aKG)","IMS_40V_LALM_36h_R2_02",680
"08_alpha-ketoglutaric acid (aKG)","IMS_40V_LALM_36h_R3_03",3527
"08_alpha-ketoglutaric acid (aKG)","IMS_40V_LALM_60h_R1_13",23629
"08_alpha-ketoglutaric acid (aKG)","IMS_40V_LALM_60h_R2_14",34941
"08_alpha-ketoglutaric acid (aKG)","IMS_40V_LALM_60h_R3_15",21684
"11_fumaric acid","IMS_20V_HAHM_36h_R1_07",51718
"11_fumaric acid","IMS_20V_HAHM_36h_R2_08",57217
"11_fumaric acid","IMS_20V_HAHM_36h_R3_09",79932
"11_fumaric acid","IMS_20V_HAHM_60h_R1_19",40728
"11_fumaric acid","IMS_20V_HAHM_60h_R2_20",56336
"11_fumaric acid","IMS_20V_HAHM_60h_R3_21",52267
"11_fumaric acid","IMS_20V_HALM_36h_R1_04",123022
"11_fumaric acid","IMS_20V_HALM_36h_R2_05",135426
"11_fumaric acid","IMS_20V_HALM_36h_R3_06",123843
"11_fumaric acid","IMS_20V_HALM_60h_R1_16",61957
"11_fumaric acid","IMS_20V_HALM_60h_R2_17",48673
"11_fumaric acid","IMS_20V_HALM_60h_R3_18",40676
"11_fumaric acid","IMS_20V_LAHM_36h_R1_10",50731
"11_fumaric acid","IMS_20V_LAHM_36h_R2_11",58012
"11_fumaric acid","IMS_20V_LAHM_36h_R3_12",50997
"11_fumaric acid","IMS_20V_LAHM_60h_R1_22",46756
"11_fumaric acid","IMS_20V_LAHM_60h_R2_23",29146
"11_fumaric acid","IMS_20V_LAHM_60h_R3_24",61716
"11_fumaric acid","IMS_20V_LALM_36h_R1_01",109275
"11_fumaric acid","IMS_20V_LALM_36h_R2_02",112372
"11_fumaric acid","IMS_20V_LALM_36h_R3_03",81664
"11_fumaric acid","IMS_20V_LALM_60h_R1_13",77125
"11_fumaric acid","IMS_20V_LALM_60h_R2_14",81615
"11_fumaric acid","IMS_20V_LALM_60h_R3_15",99287
"11_fumaric acid","IMS_40V_HAHM_36h_R1_07",52313
"11_fumaric acid","IMS_40V_HAHM_36h_R2_08",57479
"11_fumaric acid","IMS_40V_HAHM_36h_R3_09",69291
"11_fumaric acid","IMS_40V_HAHM_60h_R1_19",53898
"11_fumaric acid","IMS_40V_HAHM_60h_R2_20",54871
"11_fumaric acid","IMS_40V_HAHM_60h_R3_21",47390
"11_fumaric acid","IMS_40V_HALM_36h_R1_04",121780
"11_fumaric acid","IMS_40V_HALM_36h_R2_05",143986
"11_fumaric acid","IMS_40V_HALM_36h_R3_06",147770
"11_fumaric acid","IMS_40V_HALM_60h_R1_16",51265
"11_fumaric acid","IMS_40V_HALM_60h_R2_17",39909
"11_fumaric acid","IMS_40V_HALM_60h_R3_18",36400
"11_fumaric acid","IMS_40V_LAHM_36h_R1_10",58459
"11_fumaric acid","IMS_40V_LAHM_36h_R2_11",69245
"11_fumaric acid","IMS_40V_LAHM_36h_R3_12",57414
"11_fumaric acid","IMS_40V_LAHM_60h_R1_22",23288
"11_fumaric acid","IMS_40V_LAHM_60h_R2_23",28623
"11_fumaric acid","IMS_40V_LAHM_60h_R3_24",47511
"11_fumaric acid","IMS_40V_LALM_36h_R1_01",91650
"11_fumaric acid","IMS_40V_LALM_36h_R2_02",89776
"11_fumaric acid","IMS_40V_LALM_36h_R3_03",87614
"11_fumaric acid","IMS_40V_LALM_60h_R1_13",79985
"11_fumaric acid","IMS_40V_LALM_60h_R2_14",106892
"11_fumaric acid","IMS_40V_LALM_60h_R3_15",86529
"14_citramalic acid","IMS_20V_HAHM_36h_R1_07",139832
"14_citramalic acid","IMS_20V_HAHM_36h_R2_08",135740
"14_citramalic acid","IMS_20V_HAHM_36h_R3_09",127768
"14_citramalic acid","IMS_20V_HAHM_60h_R1_19",128547
"14_citramalic acid","IMS_20V_HAHM_60h_R2_20",100893
"14_citramalic acid","IMS_20V_HAHM_60h_R3_21",92725
"14_citramalic acid","IMS_20V_HALM_36h_R1_04",171830
"14_citramalic acid","IMS_20V_HALM_36h_R2_05",163645
"14_citramalic acid","IMS_20V_HALM_36h_R3_06",125103
"14_citramalic acid","IMS_20V_HALM_60h_R1_16",131451
"14_citramalic acid","IMS_20V_HALM_60h_R2_17",85221
"14_citramalic acid","IMS_20V_HALM_60h_R3_18",38052
"14_citramalic acid","IMS_20V_LAHM_36h_R1_10",85437
"14_citramalic acid","IMS_20V_LAHM_36h_R2_11",127580
"14_citramalic acid","IMS_20V_LAHM_36h_R3_12",93925
"14_citramalic acid","IMS_20V_LAHM_60h_R1_22",75057
"14_citramalic acid","IMS_20V_LAHM_60h_R2_23",70941
"14_citramalic acid","IMS_20V_LAHM_60h_R3_24",101281
"14_citramalic acid","IMS_20V_LALM_36h_R1_01",149540
"14_citramalic acid","IMS_20V_LALM_36h_R2_02",173754
"14_citramalic acid","IMS_20V_LALM_36h_R3_03",197173
"14_citramalic acid","IMS_20V_LALM_60h_R1_13",169438
"14_citramalic acid","IMS_20V_LALM_60h_R2_14",171921
"14_citramalic acid","IMS_20V_LALM_60h_R3_15",144010
"14_citramalic acid","IMS_40V_HAHM_36h_R1_07",140594
"14_citramalic acid","IMS_40V_HAHM_36h_R2_08",116608
"14_citramalic acid","IMS_40V_HAHM_36h_R3_09",142061
"14_citramalic acid","IMS_40V_HAHM_60h_R1_19",116052
"14_citramalic acid","IMS_40V_HAHM_60h_R2_20",129769
"14_citramalic acid","IMS_40V_HAHM_60h_R3_21",87341
"14_citramalic acid","IMS_40V_HALM_36h_R1_04",149261
"14_citramalic acid","IMS_40V_HALM_36h_R2_05",171405
"14_citramalic acid","IMS_40V_HALM_36h_R3_06",133166
"14_citramalic acid","IMS_40V_HALM_60h_R1_16",138685
"14_citramalic acid","IMS_40V_HALM_60h_R2_17",70137
"14_citramalic acid","IMS_40V_HALM_60h_R3_18",45634
"14_citramalic acid","IMS_40V_LAHM_36h_R1_10",125357
"14_citramalic acid","IMS_40V_LAHM_36h_R2_11",138552
"14_citramalic acid","IMS_40V_LAHM_36h_R3_12",84470
"14_citramalic acid","IMS_40V_LAHM_60h_R1_22",78166
"14_citramalic acid","IMS_40V_LAHM_60h_R2_23",72987
"14_citramalic acid","IMS_40V_LAHM_60h_R3_24",91662
"14_citramalic acid","IMS_40V_LALM_36h_R1_01",146081
"14_citramalic acid","IMS_40V_LALM_36h_R2_02",171406
"14_citramalic acid","IMS_40V_LALM_36h_R3_03",183588
"14_citramalic acid","IMS_40V_LALM_60h_R1_13",162120
"14_citramalic acid","IMS_40V_LALM_60h_R2_14",174694
"14_citramalic acid","IMS_40V_LALM_60h_R3_15",140873
"17_glucose 6-phosphate (G6P)","IMS_20V_HAHM_36h_R1_07",2453072
"17_glucose 6-phosphate (G6P)","IMS_20V_HAHM_36h_R2_08",1514258
"17_glucose 6-phosphate (G6P)","IMS_20V_HAHM_36h_R3_09",3247162
"17_glucose 6-phosphate (G6P)","IMS_20V_HAHM_60h_R1_19",2086942
"17_glucose 6-phosphate (G6P)","IMS_20V_HAHM_60h_R2_20",1842224
"17_glucose 6-phosphate (G6P)","IMS_20V_HAHM_60h_R3_21",2125680
"17_glucose 6-phosphate (G6P)","IMS_20V_HALM_36h_R1_04",4076125
"17_glucose 6-phosphate (G6P)","IMS_20V_HALM_36h_R2_05",3572003
"17_glucose 6-phosphate (G6P)","IMS_20V_HALM_36h_R3_06",4107980
"17_glucose 6-phosphate (G6P)","IMS_20V_HALM_60h_R1_16",241262
"17_glucose 6-phosphate (G6P)","IMS_20V_HALM_60h_R2_17",151286
"17_glucose 6-phosphate (G6P)","IMS_20V_HALM_60h_R3_18",335365
"17_glucose 6-phosphate (G6P)","IMS_20V_LAHM_36h_R1_10",3217854
"17_glucose 6-phosphate (G6P)","IMS_20V_LAHM_36h_R2_11",2910463
"17_glucose 6-phosphate (G6P)","IMS_20V_LAHM_36h_R3_12",2325392
"17_glucose 6-phosphate (G6P)","IMS_20V_LAHM_60h_R1_22",2503651
"17_glucose 6-phosphate (G6P)","IMS_20V_LAHM_60h_R2_23",2098811
"17_glucose 6-phosphate (G6P)","IMS_20V_LAHM_60h_R3_24",2166144
"17_glucose 6-phosphate (G6P)","IMS_20V_LALM_36h_R1_01",3097531
"17_glucose 6-phosphate (G6P)","IMS_20V_LALM_36h_R2_02",2741453
"17_glucose 6-phosphate (G6P)","IMS_20V_LALM_36h_R3_03",4175965
"17_glucose 6-phosphate (G6P)","IMS_20V_LALM_60h_R1_13",8246
"17_glucose 6-phosphate (G6P)","IMS_20V_LALM_60h_R2_14",8717
"17_glucose 6-phosphate (G6P)","IMS_20V_LALM_60h_R3_15",7704
"17_glucose 6-phosphate (G6P)","IMS_40V_HAHM_36h_R1_07",2294609
"17_glucose 6-phosphate (G6P)","IMS_40V_HAHM_36h_R2_08",1162062
"17_glucose 6-phosphate (G6P)","IMS_40V_HAHM_36h_R3_09",2813314
"17_glucose 6-phosphate (G6P)","IMS_40V_HAHM_60h_R1_19",1805140
"17_glucose 6-phosphate (G6P)","IMS_40V_HAHM_60h_R2_20",1566548
"17_glucose 6-phosphate (G6P)","IMS_40V_HAHM_60h_R3_21",1746638
"17_glucose 6-phosphate (G6P)","IMS_40V_HALM_36h_R1_04",3728462
"17_glucose 6-phosphate (G6P)","IMS_40V_HALM_36h_R2_05",3037028
"17_glucose 6-phosphate (G6P)","IMS_40V_HALM_36h_R3_06",3872451
"17_glucose 6-phosphate (G6P)","IMS_40V_HALM_60h_R1_16",12671
"17_glucose 6-phosphate (G6P)","IMS_40V_HALM_60h_R2_17",4716
"17_glucose 6-phosphate (G6P)","IMS_40V_HALM_60h_R3_18",7874
"17_glucose 6-phosphate (G6P)","IMS_40V_LAHM_36h_R1_10",2936129
"17_glucose 6-phosphate (G6P)","IMS_40V_LAHM_36h_R2_11",2788822
"17_glucose 6-phosphate (G6P)","IMS_40V_LAHM_36h_R3_12",1952530
"17_glucose 6-phosphate (G6P)","IMS_40V_LAHM_60h_R1_22",2707882
"17_glucose 6-phosphate (G6P)","IMS_40V_LAHM_60h_R2_23",1990785
"17_glucose 6-phosphate (G6P)","IMS_40V_LAHM_60h_R3_24",2176354
"17_glucose 6-phosphate (G6P)","IMS_40V_LALM_36h_R1_01",2981148
"17_glucose 6-phosphate (G6P)","IMS_40V_LALM_36h_R2_02",2551206
"17_glucose 6-phosphate (G6P)","IMS_40V_LALM_36h_R3_03",4011570
"17_glucose 6-phosphate (G6P)","IMS_40V_LALM_60h_R1_13",253276
"17_glucose 6-phosphate (G6P)","IMS_40V_LALM_60h_R2_14",5433
"17_glucose 6-phosphate (G6P)","IMS_40V_LALM_60h_R3_15",30144
"20_6-phosphogluconic acid (6PG)","IMS_20V_HAHM_36h_R1_07",1096949
"20_6-phosphogluconic acid (6PG)","IMS_20V_HAHM_36h_R2_08",3034116
"20_6-phosphogluconic acid (6PG)","IMS_20V_HAHM_36h_R3_09",2805119
"20_6-phosphogluconic acid (6PG)","IMS_20V_HAHM_60h_R1_19",1360487
"20_6-phosphogluconic acid (6PG)","IMS_20V_HAHM_60h_R2_20",2297548
"20_6-phosphogluconic acid (6PG)","IMS_20V_HAHM_60h_R3_21",1656441
"20_6-phosphogluconic acid (6PG)","IMS_20V_HALM_36h_R1_04",7446091
"20_6-phosphogluconic acid (6PG)","IMS_20V_HALM_36h_R2_05",6740057
"20_6-phosphogluconic acid (6PG)","IMS_20V_HALM_36h_R3_06",7634621
"20_6-phosphogluconic acid (6PG)","IMS_20V_HALM_60h_R1_16",115478
"20_6-phosphogluconic acid (6PG)","IMS_20V_HALM_60h_R2_17",154196
"20_6-phosphogluconic acid (6PG)","IMS_20V_HALM_60h_R3_18",135264
"20_6-phosphogluconic acid (6PG)","IMS_20V_LAHM_36h_R1_10",2620255
"20_6-phosphogluconic acid (6PG)","IMS_20V_LAHM_36h_R2_11",1888994
"20_6-phosphogluconic acid (6PG)","IMS_20V_LAHM_36h_R3_12",1888678
"20_6-phosphogluconic acid (6PG)","IMS_20V_LAHM_60h_R1_22",1017854
"20_6-phosphogluconic acid (6PG)","IMS_20V_LAHM_60h_R2_23",1163236
"20_6-phosphogluconic acid (6PG)","IMS_20V_LAHM_60h_R3_24",1645939
"20_6-phosphogluconic acid (6PG)","IMS_20V_LALM_36h_R1_01",7317131
"20_6-phosphogluconic acid (6PG)","IMS_20V_LALM_36h_R2_02",4897581
"20_6-phosphogluconic acid (6PG)","IMS_20V_LALM_36h_R3_03",4033923
"20_6-phosphogluconic acid (6PG)","IMS_20V_LALM_60h_R1_13",1076335
"20_6-phosphogluconic acid (6PG)","IMS_20V_LALM_60h_R2_14",1094943
"20_6-phosphogluconic acid (6PG)","IMS_20V_LALM_60h_R3_15",423470
"20_6-phosphogluconic acid (6PG)","IMS_40V_HAHM_36h_R1_07",964982
"20_6-phosphogluconic acid (6PG)","IMS_40V_HAHM_36h_R2_08",2691133
"20_6-phosphogluconic acid (6PG)","IMS_40V_HAHM_36h_R3_09",2560559
"20_6-phosphogluconic acid (6PG)","IMS_40V_HAHM_60h_R1_19",1222927
"20_6-phosphogluconic acid (6PG)","IMS_40V_HAHM_60h_R2_20",2076439
"20_6-phosphogluconic acid (6PG)","IMS_40V_HAHM_60h_R3_21",1269481
"20_6-phosphogluconic acid (6PG)","IMS_40V_HALM_36h_R1_04",6009076
"20_6-phosphogluconic acid (6PG)","IMS_40V_HALM_36h_R2_05",5605159
"20_6-phosphogluconic acid (6PG)","IMS_40V_HALM_36h_R3_06",6947164
"20_6-phosphogluconic acid (6PG)","IMS_40V_HALM_60h_R1_16",169052
"20_6-phosphogluconic acid (6PG)","IMS_40V_HALM_60h_R2_17",179047
"20_6-phosphogluconic acid (6PG)","IMS_40V_HALM_60h_R3_18",188335
"20_6-phosphogluconic acid (6PG)","IMS_40V_LAHM_36h_R1_10",2661673
"20_6-phosphogluconic acid (6PG)","IMS_40V_LAHM_36h_R2_11",1785450
"20_6-phosphogluconic acid (6PG)","IMS_40V_LAHM_36h_R3_12",1987961
"20_6-phosphogluconic acid (6PG)","IMS_40V_LAHM_60h_R1_22",1099575
"20_6-phosphogluconic acid (6PG)","IMS_40V_LAHM_60h_R2_23",1241271
"20_6-phosphogluconic acid (6PG)","IMS_40V_LAHM_60h_R3_24",1689433
"20_6-phosphogluconic acid (6PG)","IMS_40V_LALM_36h_R1_01",6445876
"20_6-phosphogluconic acid (6PG)","IMS_40V_LALM_36h_R2_02",4195726
"20_6-phosphogluconic acid (6PG)","IMS_40V_LALM_36h_R3_03",3171064
"20_6-phosphogluconic acid (6PG)","IMS_40V_LALM_60h_R1_13",1222564
"20_6-phosphogluconic acid (6PG)","IMS_40V_LALM_60h_R2_14",1196265
"20_6-phosphogluconic acid (6PG)","IMS_40V_LALM_60h_R3_15",517099
"25_HMG-CoA","IMS_20V_HAHM_36h_R1_07",NA
"25_HMG-CoA","IMS_20V_HAHM_36h_R2_08",63
"25_HMG-CoA","IMS_20V_HAHM_36h_R3_09",NA
"25_HMG-CoA","IMS_20V_HAHM_60h_R1_19",NA
"25_HMG-CoA","IMS_20V_HAHM_60h_R2_20",517
"25_HMG-CoA","IMS_20V_HAHM_60h_R3_21",NA
"25_HMG-CoA","IMS_20V_HALM_36h_R1_04",NA
"25_HMG-CoA","IMS_20V_HALM_36h_R2_05",NA
"25_HMG-CoA","IMS_20V_HALM_36h_R3_06",1214
"25_HMG-CoA","IMS_20V_HALM_60h_R1_16",6133
"25_HMG-CoA","IMS_20V_HALM_60h_R2_17",12152
"25_HMG-CoA","IMS_20V_HALM_60h_R3_18",25721
"25_HMG-CoA","IMS_20V_LAHM_36h_R1_10",164
"25_HMG-CoA","IMS_20V_LAHM_36h_R2_11",NA
"25_HMG-CoA","IMS_20V_LAHM_36h_R3_12",NA
"25_HMG-CoA","IMS_20V_LAHM_60h_R1_22",NA
"25_HMG-CoA","IMS_20V_LAHM_60h_R2_23",220
"25_HMG-CoA","IMS_20V_LAHM_60h_R3_24",NA
"25_HMG-CoA","IMS_20V_LALM_36h_R1_01",542
"25_HMG-CoA","IMS_20V_LALM_36h_R2_02",NA
"25_HMG-CoA","IMS_20V_LALM_36h_R3_03",NA
"25_HMG-CoA","IMS_20V_LALM_60h_R1_13",1287
"25_HMG-CoA","IMS_20V_LALM_60h_R2_14",120
"25_HMG-CoA","IMS_20V_LALM_60h_R3_15",267
"25_HMG-CoA","IMS_40V_HAHM_36h_R1_07",NA
"25_HMG-CoA","IMS_40V_HAHM_36h_R2_08",NA
"25_HMG-CoA","IMS_40V_HAHM_36h_R3_09",188
"25_HMG-CoA","IMS_40V_HAHM_60h_R1_19",NA
"25_HMG-CoA","IMS_40V_HAHM_60h_R2_20",NA
"25_HMG-CoA","IMS_40V_HAHM_60h_R3_21",NA
"25_HMG-CoA","IMS_40V_HALM_36h_R1_04",NA
"25_HMG-CoA","IMS_40V_HALM_36h_R2_05",231
"25_HMG-CoA","IMS_40V_HALM_36h_R3_06",NA
"25_HMG-CoA","IMS_40V_HALM_60h_R1_16",7402
"25_HMG-CoA","IMS_40V_HALM_60h_R2_17",18939
"25_HMG-CoA","IMS_40V_HALM_60h_R3_18",17164
"25_HMG-CoA","IMS_40V_LAHM_36h_R1_10",NA
"25_HMG-CoA","IMS_40V_LAHM_36h_R2_11",494
"25_HMG-CoA","IMS_40V_LAHM_36h_R3_12",NA
"25_HMG-CoA","IMS_40V_LAHM_60h_R1_22",234
"25_HMG-CoA","IMS_40V_LAHM_60h_R2_23",188
"25_HMG-CoA","IMS_40V_LAHM_60h_R3_24",196
"25_HMG-CoA","IMS_40V_LALM_36h_R1_01",875
"25_HMG-CoA","IMS_40V_LALM_36h_R2_02",493
"25_HMG-CoA","IMS_40V_LALM_36h_R3_03",NA
"25_HMG-CoA","IMS_40V_LALM_60h_R1_13",173
"25_HMG-CoA","IMS_40V_LALM_60h_R2_14",346
"25_HMG-CoA","IMS_40V_LALM_60h_R3_15",NA
"26_mevalonic acid","IMS_20V_HAHM_36h_R1_07",11973
"26_mevalonic acid","IMS_20V_HAHM_36h_R2_08",4495
"26_mevalonic acid","IMS_20V_HAHM_36h_R3_09",14607
"26_mevalonic acid","IMS_20V_HAHM_60h_R1_19",18760
"26_mevalonic acid","IMS_20V_HAHM_60h_R2_20",9063
"26_mevalonic acid","IMS_20V_HAHM_60h_R3_21",22485
"26_mevalonic acid","IMS_20V_HALM_36h_R1_04",41099
"26_mevalonic acid","IMS_20V_HALM_36h_R2_05",24330
"26_mevalonic acid","IMS_20V_HALM_36h_R3_06",36950
"26_mevalonic acid","IMS_20V_HALM_60h_R1_16",52014
"26_mevalonic acid","IMS_20V_HALM_60h_R2_17",56499
"26_mevalonic acid","IMS_20V_HALM_60h_R3_18",107681
"26_mevalonic acid","IMS_20V_LAHM_36h_R1_10",10539
"26_mevalonic acid","IMS_20V_LAHM_36h_R2_11",11600
"26_mevalonic acid","IMS_20V_LAHM_36h_R3_12",12652
"26_mevalonic acid","IMS_20V_LAHM_60h_R1_22",17970
"26_mevalonic acid","IMS_20V_LAHM_60h_R2_23",25151
"26_mevalonic acid","IMS_20V_LAHM_60h_R3_24",26389
"26_mevalonic acid","IMS_20V_LALM_36h_R1_01",12666
"26_mevalonic acid","IMS_20V_LALM_36h_R2_02",15211
"26_mevalonic acid","IMS_20V_LALM_36h_R3_03",12583
"26_mevalonic acid","IMS_20V_LALM_60h_R1_13",48350
"26_mevalonic acid","IMS_20V_LALM_60h_R2_14",26910
"26_mevalonic acid","IMS_20V_LALM_60h_R3_15",32428
"26_mevalonic acid","IMS_40V_HAHM_36h_R1_07",11067
"26_mevalonic acid","IMS_40V_HAHM_36h_R2_08",8801
"26_mevalonic acid","IMS_40V_HAHM_36h_R3_09",20971
"26_mevalonic acid","IMS_40V_HAHM_60h_R1_19",29369
"26_mevalonic acid","IMS_40V_HAHM_60h_R2_20",14597
"26_mevalonic acid","IMS_40V_HAHM_60h_R3_21",16411
"26_mevalonic acid","IMS_40V_HALM_36h_R1_04",48421
"26_mevalonic acid","IMS_40V_HALM_36h_R2_05",30561
"26_mevalonic acid","IMS_40V_HALM_36h_R3_06",49478
"26_mevalonic acid","IMS_40V_HALM_60h_R1_16",39543
"26_mevalonic acid","IMS_40V_HALM_60h_R2_17",59639
"26_mevalonic acid","IMS_40V_HALM_60h_R3_18",128667
"26_mevalonic acid","IMS_40V_LAHM_36h_R1_10",8914
"26_mevalonic acid","IMS_40V_LAHM_36h_R2_11",11677
"26_mevalonic acid","IMS_40V_LAHM_36h_R3_12",20150
"26_mevalonic acid","IMS_40V_LAHM_60h_R1_22",8922
"26_mevalonic acid","IMS_40V_LAHM_60h_R2_23",31584
"26_mevalonic acid","IMS_40V_LAHM_60h_R3_24",18517
"26_mevalonic acid","IMS_40V_LALM_36h_R1_01",31702
"26_mevalonic acid","IMS_40V_LALM_36h_R2_02",27165
"26_mevalonic acid","IMS_40V_LALM_36h_R3_03",19999
"26_mevalonic acid","IMS_40V_LALM_60h_R1_13",48238
"26_mevalonic acid","IMS_40V_LALM_60h_R2_14",40483
"26_mevalonic acid","IMS_40V_LALM_60h_R3_15",32349
"27_mevalonate-5-phosphate (mev-5P)","IMS_20V_HAHM_36h_R1_07",53875
"27_mevalonate-5-phosphate (mev-5P)","IMS_20V_HAHM_36h_R2_08",111385
"27_mevalonate-5-phosphate (mev-5P)","IMS_20V_HAHM_36h_R3_09",136471
"27_mevalonate-5-phosphate (mev-5P)","IMS_20V_HAHM_60h_R1_19",40046
"27_mevalonate-5-phosphate (mev-5P)","IMS_20V_HAHM_60h_R2_20",207420
"27_mevalonate-5-phosphate (mev-5P)","IMS_20V_HAHM_60h_R3_21",41666
"27_mevalonate-5-phosphate (mev-5P)","IMS_20V_HALM_36h_R1_04",89695
"27_mevalonate-5-phosphate (mev-5P)","IMS_20V_HALM_36h_R2_05",155522
"27_mevalonate-5-phosphate (mev-5P)","IMS_20V_HALM_36h_R3_06",100515
"27_mevalonate-5-phosphate (mev-5P)","IMS_20V_HALM_60h_R1_16",193465
"27_mevalonate-5-phosphate (mev-5P)","IMS_20V_HALM_60h_R2_17",145723
"27_mevalonate-5-phosphate (mev-5P)","IMS_20V_HALM_60h_R3_18",191696
"27_mevalonate-5-phosphate (mev-5P)","IMS_20V_LAHM_36h_R1_10",64310
"27_mevalonate-5-phosphate (mev-5P)","IMS_20V_LAHM_36h_R2_11",37019
"27_mevalonate-5-phosphate (mev-5P)","IMS_20V_LAHM_36h_R3_12",42788
"27_mevalonate-5-phosphate (mev-5P)","IMS_20V_LAHM_60h_R1_22",108343
"27_mevalonate-5-phosphate (mev-5P)","IMS_20V_LAHM_60h_R2_23",34234
"27_mevalonate-5-phosphate (mev-5P)","IMS_20V_LAHM_60h_R3_24",48096
"27_mevalonate-5-phosphate (mev-5P)","IMS_20V_LALM_36h_R1_01",20676
"27_mevalonate-5-phosphate (mev-5P)","IMS_20V_LALM_36h_R2_02",11104
"27_mevalonate-5-phosphate (mev-5P)","IMS_20V_LALM_36h_R3_03",27226
"27_mevalonate-5-phosphate (mev-5P)","IMS_20V_LALM_60h_R1_13",25737
"27_mevalonate-5-phosphate (mev-5P)","IMS_20V_LALM_60h_R2_14",15880
"27_mevalonate-5-phosphate (mev-5P)","IMS_20V_LALM_60h_R3_15",43300
"27_mevalonate-5-phosphate (mev-5P)","IMS_40V_HAHM_36h_R1_07",50668
"27_mevalonate-5-phosphate (mev-5P)","IMS_40V_HAHM_36h_R2_08",116390
"27_mevalonate-5-phosphate (mev-5P)","IMS_40V_HAHM_36h_R3_09",131360
"27_mevalonate-5-phosphate (mev-5P)","IMS_40V_HAHM_60h_R1_19",30711
"27_mevalonate-5-phosphate (mev-5P)","IMS_40V_HAHM_60h_R2_20",192625
"27_mevalonate-5-phosphate (mev-5P)","IMS_40V_HAHM_60h_R3_21",52786
"27_mevalonate-5-phosphate (mev-5P)","IMS_40V_HALM_36h_R1_04",89792
"27_mevalonate-5-phosphate (mev-5P)","IMS_40V_HALM_36h_R2_05",173927
"27_mevalonate-5-phosphate (mev-5P)","IMS_40V_HALM_36h_R3_06",96556
"27_mevalonate-5-phosphate (mev-5P)","IMS_40V_HALM_60h_R1_16",202304
"27_mevalonate-5-phosphate (mev-5P)","IMS_40V_HALM_60h_R2_17",147628
"27_mevalonate-5-phosphate (mev-5P)","IMS_40V_HALM_60h_R3_18",152103
"27_mevalonate-5-phosphate (mev-5P)","IMS_40V_LAHM_36h_R1_10",83530
"27_mevalonate-5-phosphate (mev-5P)","IMS_40V_LAHM_36h_R2_11",50223
"27_mevalonate-5-phosphate (mev-5P)","IMS_40V_LAHM_36h_R3_12",38800
"27_mevalonate-5-phosphate (mev-5P)","IMS_40V_LAHM_60h_R1_22",125024
"27_mevalonate-5-phosphate (mev-5P)","IMS_40V_LAHM_60h_R2_23",27921
"27_mevalonate-5-phosphate (mev-5P)","IMS_40V_LAHM_60h_R3_24",44527
"27_mevalonate-5-phosphate (mev-5P)","IMS_40V_LALM_36h_R1_01",23312
"27_mevalonate-5-phosphate (mev-5P)","IMS_40V_LALM_36h_R2_02",16598
"27_mevalonate-5-phosphate (mev-5P)","IMS_40V_LALM_36h_R3_03",32296
"27_mevalonate-5-phosphate (mev-5P)","IMS_40V_LALM_60h_R1_13",21619
"27_mevalonate-5-phosphate (mev-5P)","IMS_40V_LALM_60h_R2_14",22472
"27_mevalonate-5-phosphate (mev-5P)","IMS_40V_LALM_60h_R3_15",33434
"28_mevalonate 5-diphosphate (mev-5PP)","IMS_20V_HAHM_36h_R1_07",11447
"28_mevalonate 5-diphosphate (mev-5PP)","IMS_20V_HAHM_36h_R2_08",9849
"28_mevalonate 5-diphosphate (mev-5PP)","IMS_20V_HAHM_36h_R3_09",20786
"28_mevalonate 5-diphosphate (mev-5PP)","IMS_20V_HAHM_60h_R1_19",8104
"28_mevalonate 5-diphosphate (mev-5PP)","IMS_20V_HAHM_60h_R2_20",88905
"28_mevalonate 5-diphosphate (mev-5PP)","IMS_20V_HAHM_60h_R3_21",9967
"28_mevalonate 5-diphosphate (mev-5PP)","IMS_20V_HALM_36h_R1_04",20295
"28_mevalonate 5-diphosphate (mev-5PP)","IMS_20V_HALM_36h_R2_05",33451
"28_mevalonate 5-diphosphate (mev-5PP)","IMS_20V_HALM_36h_R3_06",11091
"28_mevalonate 5-diphosphate (mev-5PP)","IMS_20V_HALM_60h_R1_16",57353
"28_mevalonate 5-diphosphate (mev-5PP)","IMS_20V_HALM_60h_R2_17",94280
"28_mevalonate 5-diphosphate (mev-5PP)","IMS_20V_HALM_60h_R3_18",105491
"28_mevalonate 5-diphosphate (mev-5PP)","IMS_20V_LAHM_36h_R1_10",4069
"28_mevalonate 5-diphosphate (mev-5PP)","IMS_20V_LAHM_36h_R2_11",4537
"28_mevalonate 5-diphosphate (mev-5PP)","IMS_20V_LAHM_36h_R3_12",1588
"28_mevalonate 5-diphosphate (mev-5PP)","IMS_20V_LAHM_60h_R1_22",21290
"28_mevalonate 5-diphosphate (mev-5PP)","IMS_20V_LAHM_60h_R2_23",3790
"28_mevalonate 5-diphosphate (mev-5PP)","IMS_20V_LAHM_60h_R3_24",7765
"28_mevalonate 5-diphosphate (mev-5PP)","IMS_20V_LALM_36h_R1_01",2199
"28_mevalonate 5-diphosphate (mev-5PP)","IMS_20V_LALM_36h_R2_02",1641
"28_mevalonate 5-diphosphate (mev-5PP)","IMS_20V_LALM_36h_R3_03",1810
"28_mevalonate 5-diphosphate (mev-5PP)","IMS_20V_LALM_60h_R1_13",11709
"28_mevalonate 5-diphosphate (mev-5PP)","IMS_20V_LALM_60h_R2_14",5984
"28_mevalonate 5-diphosphate (mev-5PP)","IMS_20V_LALM_60h_R3_15",14783
"28_mevalonate 5-diphosphate (mev-5PP)","IMS_40V_HAHM_36h_R1_07",10988
"28_mevalonate 5-diphosphate (mev-5PP)","IMS_40V_HAHM_36h_R2_08",31276
"28_mevalonate 5-diphosphate (mev-5PP)","IMS_40V_HAHM_36h_R3_09",32020
"28_mevalonate 5-diphosphate (mev-5PP)","IMS_40V_HAHM_60h_R1_19",10760
"28_mevalonate 5-diphosphate (mev-5PP)","IMS_40V_HAHM_60h_R2_20",83065
"28_mevalonate 5-diphosphate (mev-5PP)","IMS_40V_HAHM_60h_R3_21",9505
"28_mevalonate 5-diphosphate (mev-5PP)","IMS_40V_HALM_36h_R1_04",16194
"28_mevalonate 5-diphosphate (mev-5PP)","IMS_40V_HALM_36h_R2_05",29955
"28_mevalonate 5-diphosphate (mev-5PP)","IMS_40V_HALM_36h_R3_06",7686
"28_mevalonate 5-diphosphate (mev-5PP)","IMS_40V_HALM_60h_R1_16",122082
"28_mevalonate 5-diphosphate (mev-5PP)","IMS_40V_HALM_60h_R2_17",84144
"28_mevalonate 5-diphosphate (mev-5PP)","IMS_40V_HALM_60h_R3_18",71369
"28_mevalonate 5-diphosphate (mev-5PP)","IMS_40V_LAHM_36h_R1_10",7866
"28_mevalonate 5-diphosphate (mev-5PP)","IMS_40V_LAHM_36h_R2_11",1646
"28_mevalonate 5-diphosphate (mev-5PP)","IMS_40V_LAHM_36h_R3_12",2675
"28_mevalonate 5-diphosphate (mev-5PP)","IMS_40V_LAHM_60h_R1_22",26570
"28_mevalonate 5-diphosphate (mev-5PP)","IMS_40V_LAHM_60h_R2_23",7512
"28_mevalonate 5-diphosphate (mev-5PP)","IMS_40V_LAHM_60h_R3_24",4855
"28_mevalonate 5-diphosphate (mev-5PP)","IMS_40V_LALM_36h_R1_01",992
"28_mevalonate 5-diphosphate (mev-5PP)","IMS_40V_LALM_36h_R2_02",1808
"28_mevalonate 5-diphosphate (mev-5PP)","IMS_40V_LALM_36h_R3_03",5113
"28_mevalonate 5-diphosphate (mev-5PP)","IMS_40V_LALM_60h_R1_13",37488
"28_mevalonate 5-diphosphate (mev-5PP)","IMS_40V_LALM_60h_R2_14",32323
"28_mevalonate 5-diphosphate (mev-5PP)","IMS_40V_LALM_60h_R3_15",41273
"29_isopentenyl diphosphate (IPP) *[M+Na-2H]","IMS_20V_HAHM_36h_R1_07",868215
"29_isopentenyl diphosphate (IPP) *[M+Na-2H]","IMS_20V_HAHM_36h_R2_08",1286812
"29_isopentenyl diphosphate (IPP) *[M+Na-2H]","IMS_20V_HAHM_36h_R3_09",928437
"29_isopentenyl diphosphate (IPP) *[M+Na-2H]","IMS_20V_HAHM_60h_R1_19",533799
"29_isopentenyl diphosphate (IPP) *[M+Na-2H]","IMS_20V_HAHM_60h_R2_20",469420
"29_isopentenyl diphosphate (IPP) *[M+Na-2H]","IMS_20V_HAHM_60h_R3_21",492926
"29_isopentenyl diphosphate (IPP) *[M+Na-2H]","IMS_20V_HALM_36h_R1_04",815447
"29_isopentenyl diphosphate (IPP) *[M+Na-2H]","IMS_20V_HALM_36h_R2_05",781821
"29_isopentenyl diphosphate (IPP) *[M+Na-2H]","IMS_20V_HALM_36h_R3_06",857240
"29_isopentenyl diphosphate (IPP) *[M+Na-2H]","IMS_20V_HALM_60h_R1_16",3138878
"29_isopentenyl diphosphate (IPP) *[M+Na-2H]","IMS_20V_HALM_60h_R2_17",4430209
"29_isopentenyl diphosphate (IPP) *[M+Na-2H]","IMS_20V_HALM_60h_R3_18",3223039
"29_isopentenyl diphosphate (IPP) *[M+Na-2H]","IMS_20V_LAHM_36h_R1_10",1523408
"29_isopentenyl diphosphate (IPP) *[M+Na-2H]","IMS_20V_LAHM_36h_R2_11",1329146
"29_isopentenyl diphosphate (IPP) *[M+Na-2H]","IMS_20V_LAHM_36h_R3_12",1006235
"29_isopentenyl diphosphate (IPP) *[M+Na-2H]","IMS_20V_LAHM_60h_R1_22",543713
"29_isopentenyl diphosphate (IPP) *[M+Na-2H]","IMS_20V_LAHM_60h_R2_23",726163
"29_isopentenyl diphosphate (IPP) *[M+Na-2H]","IMS_20V_LAHM_60h_R3_24",669050
"29_isopentenyl diphosphate (IPP) *[M+Na-2H]","IMS_20V_LALM_36h_R1_01",691339
"29_isopentenyl diphosphate (IPP) *[M+Na-2H]","IMS_20V_LALM_36h_R2_02",446157
"29_isopentenyl diphosphate (IPP) *[M+Na-2H]","IMS_20V_LALM_36h_R3_03",831467
"29_isopentenyl diphosphate (IPP) *[M+Na-2H]","IMS_20V_LALM_60h_R1_13",443459
"29_isopentenyl diphosphate (IPP) *[M+Na-2H]","IMS_20V_LALM_60h_R2_14",504090
"29_isopentenyl diphosphate (IPP) *[M+Na-2H]","IMS_20V_LALM_60h_R3_15",565941
"29_isopentenyl diphosphate (IPP) *[M+Na-2H]","IMS_40V_HAHM_36h_R1_07",827643
"29_isopentenyl diphosphate (IPP) *[M+Na-2H]","IMS_40V_HAHM_36h_R2_08",1379460
"29_isopentenyl diphosphate (IPP) *[M+Na-2H]","IMS_40V_HAHM_36h_R3_09",951072
"29_isopentenyl diphosphate (IPP) *[M+Na-2H]","IMS_40V_HAHM_60h_R1_19",550892
"29_isopentenyl diphosphate (IPP) *[M+Na-2H]","IMS_40V_HAHM_60h_R2_20",535204
"29_isopentenyl diphosphate (IPP) *[M+Na-2H]","IMS_40V_HAHM_60h_R3_21",695894
"29_isopentenyl diphosphate (IPP) *[M+Na-2H]","IMS_40V_HALM_36h_R1_04",872524
"29_isopentenyl diphosphate (IPP) *[M+Na-2H]","IMS_40V_HALM_36h_R2_05",803964
"29_isopentenyl diphosphate (IPP) *[M+Na-2H]","IMS_40V_HALM_36h_R3_06",888635
"29_isopentenyl diphosphate (IPP) *[M+Na-2H]","IMS_40V_HALM_60h_R1_16",3276312
"29_isopentenyl diphosphate (IPP) *[M+Na-2H]","IMS_40V_HALM_60h_R2_17",4461774
"29_isopentenyl diphosphate (IPP) *[M+Na-2H]","IMS_40V_HALM_60h_R3_18",3282343
"29_isopentenyl diphosphate (IPP) *[M+Na-2H]","IMS_40V_LAHM_36h_R1_10",1814925
"29_isopentenyl diphosphate (IPP) *[M+Na-2H]","IMS_40V_LAHM_36h_R2_11",1509113
"29_isopentenyl diphosphate (IPP) *[M+Na-2H]","IMS_40V_LAHM_36h_R3_12",1327385
"29_isopentenyl diphosphate (IPP) *[M+Na-2H]","IMS_40V_LAHM_60h_R1_22",558377
"29_isopentenyl diphosphate (IPP) *[M+Na-2H]","IMS_40V_LAHM_60h_R2_23",725063
"29_isopentenyl diphosphate (IPP) *[M+Na-2H]","IMS_40V_LAHM_60h_R3_24",668422
"29_isopentenyl diphosphate (IPP) *[M+Na-2H]","IMS_40V_LALM_36h_R1_01",721536
"29_isopentenyl diphosphate (IPP) *[M+Na-2H]","IMS_40V_LALM_36h_R2_02",547752
"29_isopentenyl diphosphate (IPP) *[M+Na-2H]","IMS_40V_LALM_36h_R3_03",882358
"29_isopentenyl diphosphate (IPP) *[M+Na-2H]","IMS_40V_LALM_60h_R1_13",424914
"29_isopentenyl diphosphate (IPP) *[M+Na-2H]","IMS_40V_LALM_60h_R2_14",524872
"29_isopentenyl diphosphate (IPP) *[M+Na-2H]","IMS_40V_LALM_60h_R3_15",528448
"31_geranyl diphopshate (GPP) *[M-H]","IMS_20V_HAHM_36h_R1_07",373585
"31_geranyl diphopshate (GPP) *[M-H]","IMS_20V_HAHM_36h_R2_08",236057
"31_geranyl diphopshate (GPP) *[M-H]","IMS_20V_HAHM_36h_R3_09",283676
"31_geranyl diphopshate (GPP) *[M-H]","IMS_20V_HAHM_60h_R1_19",328220
"31_geranyl diphopshate (GPP) *[M-H]","IMS_20V_HAHM_60h_R2_20",290254
"31_geranyl diphopshate (GPP) *[M-H]","IMS_20V_HAHM_60h_R3_21",321793
"31_geranyl diphopshate (GPP) *[M-H]","IMS_20V_HALM_36h_R1_04",172472
"31_geranyl diphopshate (GPP) *[M-H]","IMS_20V_HALM_36h_R2_05",159178
"31_geranyl diphopshate (GPP) *[M-H]","IMS_20V_HALM_36h_R3_06",184663
"31_geranyl diphopshate (GPP) *[M-H]","IMS_20V_HALM_60h_R1_16",4040295
"31_geranyl diphopshate (GPP) *[M-H]","IMS_20V_HALM_60h_R2_17",4412273
"31_geranyl diphopshate (GPP) *[M-H]","IMS_20V_HALM_60h_R3_18",3798110
"31_geranyl diphopshate (GPP) *[M-H]","IMS_20V_LAHM_36h_R1_10",335684
"31_geranyl diphopshate (GPP) *[M-H]","IMS_20V_LAHM_36h_R2_11",291514
"31_geranyl diphopshate (GPP) *[M-H]","IMS_20V_LAHM_36h_R3_12",237596
"31_geranyl diphopshate (GPP) *[M-H]","IMS_20V_LAHM_60h_R1_22",229882
"31_geranyl diphopshate (GPP) *[M-H]","IMS_20V_LAHM_60h_R2_23",375621
"31_geranyl diphopshate (GPP) *[M-H]","IMS_20V_LAHM_60h_R3_24",206702
"31_geranyl diphopshate (GPP) *[M-H]","IMS_20V_LALM_36h_R1_01",173888
"31_geranyl diphopshate (GPP) *[M-H]","IMS_20V_LALM_36h_R2_02",182814
"31_geranyl diphopshate (GPP) *[M-H]","IMS_20V_LALM_36h_R3_03",226007
"31_geranyl diphopshate (GPP) *[M-H]","IMS_20V_LALM_60h_R1_13",684907
"31_geranyl diphopshate (GPP) *[M-H]","IMS_20V_LALM_60h_R2_14",790757
"31_geranyl diphopshate (GPP) *[M-H]","IMS_20V_LALM_60h_R3_15",715789
"31_geranyl diphopshate (GPP) *[M-H]","IMS_40V_HAHM_36h_R1_07",314130
"31_geranyl diphopshate (GPP) *[M-H]","IMS_40V_HAHM_36h_R2_08",266609
"31_geranyl diphopshate (GPP) *[M-H]","IMS_40V_HAHM_36h_R3_09",263611
"31_geranyl diphopshate (GPP) *[M-H]","IMS_40V_HAHM_60h_R1_19",312039
"31_geranyl diphopshate (GPP) *[M-H]","IMS_40V_HAHM_60h_R2_20",309037
"31_geranyl diphopshate (GPP) *[M-H]","IMS_40V_HAHM_60h_R3_21",280586
"31_geranyl diphopshate (GPP) *[M-H]","IMS_40V_HALM_36h_R1_04",155219
"31_geranyl diphopshate (GPP) *[M-H]","IMS_40V_HALM_36h_R2_05",150263
"31_geranyl diphopshate (GPP) *[M-H]","IMS_40V_HALM_36h_R3_06",192682
"31_geranyl diphopshate (GPP) *[M-H]","IMS_40V_HALM_60h_R1_16",4367454
"31_geranyl diphopshate (GPP) *[M-H]","IMS_40V_HALM_60h_R2_17",4682047
"31_geranyl diphopshate (GPP) *[M-H]","IMS_40V_HALM_60h_R3_18",4132502
"31_geranyl diphopshate (GPP) *[M-H]","IMS_40V_LAHM_36h_R1_10",345333
"31_geranyl diphopshate (GPP) *[M-H]","IMS_40V_LAHM_36h_R2_11",271125
"31_geranyl diphopshate (GPP) *[M-H]","IMS_40V_LAHM_36h_R3_12",267525
"31_geranyl diphopshate (GPP) *[M-H]","IMS_40V_LAHM_60h_R1_22",233501
"31_geranyl diphopshate (GPP) *[M-H]","IMS_40V_LAHM_60h_R2_23",412659
"31_geranyl diphopshate (GPP) *[M-H]","IMS_40V_LAHM_60h_R3_24",228924
"31_geranyl diphopshate (GPP) *[M-H]","IMS_40V_LALM_36h_R1_01",181225
"31_geranyl diphopshate (GPP) *[M-H]","IMS_40V_LALM_36h_R2_02",138896
"31_geranyl diphopshate (GPP) *[M-H]","IMS_40V_LALM_36h_R3_03",210687
"31_geranyl diphopshate (GPP) *[M-H]","IMS_40V_LALM_60h_R1_13",623140
"31_geranyl diphopshate (GPP) *[M-H]","IMS_40V_LALM_60h_R2_14",778856
"31_geranyl diphopshate (GPP) *[M-H]","IMS_40V_LALM_60h_R3_15",717141
"35_gluconic acid","IMS_20V_HAHM_36h_R1_07",182694
"35_gluconic acid","IMS_20V_HAHM_36h_R2_08",107673
"35_gluconic acid","IMS_20V_HAHM_36h_R3_09",143960
"35_gluconic acid","IMS_20V_HAHM_60h_R1_19",106701
"35_gluconic acid","IMS_20V_HAHM_60h_R2_20",63887
"35_gluconic acid","IMS_20V_HAHM_60h_R3_21",99002
"35_gluconic acid","IMS_20V_HALM_36h_R1_04",123599
"35_gluconic acid","IMS_20V_HALM_36h_R2_05",108571
"35_gluconic acid","IMS_20V_HALM_36h_R3_06",100413
"35_gluconic acid","IMS_20V_HALM_60h_R1_16",540217
"35_gluconic acid","IMS_20V_HALM_60h_R2_17",549954
"35_gluconic acid","IMS_20V_HALM_60h_R3_18",295543
"35_gluconic acid","IMS_20V_LAHM_36h_R1_10",151527
"35_gluconic acid","IMS_20V_LAHM_36h_R2_11",172403
"35_gluconic acid","IMS_20V_LAHM_36h_R3_12",125172
"35_gluconic acid","IMS_20V_LAHM_60h_R1_22",58915
"35_gluconic acid","IMS_20V_LAHM_60h_R2_23",161002
"35_gluconic acid","IMS_20V_LAHM_60h_R3_24",66659
"35_gluconic acid","IMS_20V_LALM_36h_R1_01",82293
"35_gluconic acid","IMS_20V_LALM_36h_R2_02",107297
"35_gluconic acid","IMS_20V_LALM_36h_R3_03",83738
"35_gluconic acid","IMS_20V_LALM_60h_R1_13",169640
"35_gluconic acid","IMS_20V_LALM_60h_R2_14",240011
"35_gluconic acid","IMS_20V_LALM_60h_R3_15",207685
"35_gluconic acid","IMS_40V_HAHM_36h_R1_07",124960
"35_gluconic acid","IMS_40V_HAHM_36h_R2_08",97130
"35_gluconic acid","IMS_40V_HAHM_36h_R3_09",95832
"35_gluconic acid","IMS_40V_HAHM_60h_R1_19",99945
"35_gluconic acid","IMS_40V_HAHM_60h_R2_20",58450
"35_gluconic acid","IMS_40V_HAHM_60h_R3_21",95871
"35_gluconic acid","IMS_40V_HALM_36h_R1_04",94451
"35_gluconic acid","IMS_40V_HALM_36h_R2_05",92662
"35_gluconic acid","IMS_40V_HALM_36h_R3_06",78399
"35_gluconic acid","IMS_40V_HALM_60h_R1_16",439924
"35_gluconic acid","IMS_40V_HALM_60h_R2_17",411769
"35_gluconic acid","IMS_40V_HALM_60h_R3_18",269085
"35_gluconic acid","IMS_40V_LAHM_36h_R1_10",116140
"35_gluconic acid","IMS_40V_LAHM_36h_R2_11",118178
"35_gluconic acid","IMS_40V_LAHM_36h_R3_12",117269
"35_gluconic acid","IMS_40V_LAHM_60h_R1_22",52454
"35_gluconic acid","IMS_40V_LAHM_60h_R2_23",103839
"35_gluconic acid","IMS_40V_LAHM_60h_R3_24",72041
"35_gluconic acid","IMS_40V_LALM_36h_R1_01",83276
"35_gluconic acid","IMS_40V_LALM_36h_R2_02",65341
"35_gluconic acid","IMS_40V_LALM_36h_R3_03",61778
"35_gluconic acid","IMS_40V_LALM_60h_R1_13",157598
"35_gluconic acid","IMS_40V_LALM_60h_R2_14",207218
"35_gluconic acid","IMS_40V_LALM_60h_R3_15",176814
"36_2-ketogluconic acid","IMS_20V_HAHM_36h_R1_07",49482
"36_2-ketogluconic acid","IMS_20V_HAHM_36h_R2_08",16417
"36_2-ketogluconic acid","IMS_20V_HAHM_36h_R3_09",19206
"36_2-ketogluconic acid","IMS_20V_HAHM_60h_R1_19",42776
"36_2-ketogluconic acid","IMS_20V_HAHM_60h_R2_20",21508
"36_2-ketogluconic acid","IMS_20V_HAHM_60h_R3_21",22452
"36_2-ketogluconic acid","IMS_20V_HALM_36h_R1_04",53847
"36_2-ketogluconic acid","IMS_20V_HALM_36h_R2_05",43532
"36_2-ketogluconic acid","IMS_20V_HALM_36h_R3_06",50587
"36_2-ketogluconic acid","IMS_20V_HALM_60h_R1_16",87657
"36_2-ketogluconic acid","IMS_20V_HALM_60h_R2_17",102048
"36_2-ketogluconic acid","IMS_20V_HALM_60h_R3_18",79280
"36_2-ketogluconic acid","IMS_20V_LAHM_36h_R1_10",21220
"36_2-ketogluconic acid","IMS_20V_LAHM_36h_R2_11",21403
"36_2-ketogluconic acid","IMS_20V_LAHM_36h_R3_12",38300
"36_2-ketogluconic acid","IMS_20V_LAHM_60h_R1_22",25142
"36_2-ketogluconic acid","IMS_20V_LAHM_60h_R2_23",35371
"36_2-ketogluconic acid","IMS_20V_LAHM_60h_R3_24",30938
"36_2-ketogluconic acid","IMS_20V_LALM_36h_R1_01",58527
"36_2-ketogluconic acid","IMS_20V_LALM_36h_R2_02",53191
"36_2-ketogluconic acid","IMS_20V_LALM_36h_R3_03",28059
"36_2-ketogluconic acid","IMS_20V_LALM_60h_R1_13",46252
"36_2-ketogluconic acid","IMS_20V_LALM_60h_R2_14",34241
"36_2-ketogluconic acid","IMS_20V_LALM_60h_R3_15",55683
"36_2-ketogluconic acid","IMS_40V_HAHM_36h_R1_07",38604
"36_2-ketogluconic acid","IMS_40V_HAHM_36h_R2_08",16063
"36_2-ketogluconic acid","IMS_40V_HAHM_36h_R3_09",31941
"36_2-ketogluconic acid","IMS_40V_HAHM_60h_R1_19",23583
"36_2-ketogluconic acid","IMS_40V_HAHM_60h_R2_20",8102
"36_2-ketogluconic acid","IMS_40V_HAHM_60h_R3_21",10740
"36_2-ketogluconic acid","IMS_40V_HALM_36h_R1_04",39905
"36_2-ketogluconic acid","IMS_40V_HALM_36h_R2_05",41482
"36_2-ketogluconic acid","IMS_40V_HALM_36h_R3_06",43676
"36_2-ketogluconic acid","IMS_40V_HALM_60h_R1_16",58878
"36_2-ketogluconic acid","IMS_40V_HALM_60h_R2_17",70630
"36_2-ketogluconic acid","IMS_40V_HALM_60h_R3_18",52015
"36_2-ketogluconic acid","IMS_40V_LAHM_36h_R1_10",27965
"36_2-ketogluconic acid","IMS_40V_LAHM_36h_R2_11",24800
"36_2-ketogluconic acid","IMS_40V_LAHM_36h_R3_12",21535
"36_2-ketogluconic acid","IMS_40V_LAHM_60h_R1_22",14193
"36_2-ketogluconic acid","IMS_40V_LAHM_60h_R2_23",27372
"36_2-ketogluconic acid","IMS_40V_LAHM_60h_R3_24",13416
"36_2-ketogluconic acid","IMS_40V_LALM_36h_R1_01",29319
"36_2-ketogluconic acid","IMS_40V_LALM_36h_R2_02",27389
"36_2-ketogluconic acid","IMS_40V_LALM_36h_R3_03",56383
"36_2-ketogluconic acid","IMS_40V_LALM_60h_R1_13",34310
"36_2-ketogluconic acid","IMS_40V_LALM_60h_R2_14",41742
"36_2-ketogluconic acid","IMS_40V_LALM_60h_R3_15",28351
"38_ribose 5-phosphate","IMS_20V_HAHM_36h_R1_07",125052
"38_ribose 5-phosphate","IMS_20V_HAHM_36h_R2_08",302570
"38_ribose 5-phosphate","IMS_20V_HAHM_36h_R3_09",203945
"38_ribose 5-phosphate","IMS_20V_HAHM_60h_R1_19",711
"38_ribose 5-phosphate","IMS_20V_HAHM_60h_R2_20",133517
"38_ribose 5-phosphate","IMS_20V_HAHM_60h_R3_21",4518
"38_ribose 5-phosphate","IMS_20V_HALM_36h_R1_04",319905
"38_ribose 5-phosphate","IMS_20V_HALM_36h_R2_05",418272
"38_ribose 5-phosphate","IMS_20V_HALM_36h_R3_06",239985
"38_ribose 5-phosphate","IMS_20V_HALM_60h_R1_16",47302
"38_ribose 5-phosphate","IMS_20V_HALM_60h_R2_17",9220
"38_ribose 5-phosphate","IMS_20V_HALM_60h_R3_18",30030
"38_ribose 5-phosphate","IMS_20V_LAHM_36h_R1_10",107658
"38_ribose 5-phosphate","IMS_20V_LAHM_36h_R2_11",229789
"38_ribose 5-phosphate","IMS_20V_LAHM_36h_R3_12",7642
"38_ribose 5-phosphate","IMS_20V_LAHM_60h_R1_22",61810
"38_ribose 5-phosphate","IMS_20V_LAHM_60h_R2_23",158185
"38_ribose 5-phosphate","IMS_20V_LAHM_60h_R3_24",15706
"38_ribose 5-phosphate","IMS_20V_LALM_36h_R1_01",499413
"38_ribose 5-phosphate","IMS_20V_LALM_36h_R2_02",425178
"38_ribose 5-phosphate","IMS_20V_LALM_36h_R3_03",370870
"38_ribose 5-phosphate","IMS_20V_LALM_60h_R1_13",99076
"38_ribose 5-phosphate","IMS_20V_LALM_60h_R2_14",96421
"38_ribose 5-phosphate","IMS_20V_LALM_60h_R3_15",150131
"38_ribose 5-phosphate","IMS_40V_HAHM_36h_R1_07",1823
"38_ribose 5-phosphate","IMS_40V_HAHM_36h_R2_08",238635
"38_ribose 5-phosphate","IMS_40V_HAHM_36h_R3_09",6567
"38_ribose 5-phosphate","IMS_40V_HAHM_60h_R1_19",80775
"38_ribose 5-phosphate","IMS_40V_HAHM_60h_R2_20",13674
"38_ribose 5-phosphate","IMS_40V_HAHM_60h_R3_21",3073
"38_ribose 5-phosphate","IMS_40V_HALM_36h_R1_04",278864
"38_ribose 5-phosphate","IMS_40V_HALM_36h_R2_05",712764
"38_ribose 5-phosphate","IMS_40V_HALM_36h_R3_06",752828
"38_ribose 5-phosphate","IMS_40V_HALM_60h_R1_16",23815
"38_ribose 5-phosphate","IMS_40V_HALM_60h_R2_17",51437
"38_ribose 5-phosphate","IMS_40V_HALM_60h_R3_18",51608
"38_ribose 5-phosphate","IMS_40V_LAHM_36h_R1_10",232430
"38_ribose 5-phosphate","IMS_40V_LAHM_36h_R2_11",201503
"38_ribose 5-phosphate","IMS_40V_LAHM_36h_R3_12",222612
"38_ribose 5-phosphate","IMS_40V_LAHM_60h_R1_22",114705
"38_ribose 5-phosphate","IMS_40V_LAHM_60h_R2_23",101035
"38_ribose 5-phosphate","IMS_40V_LAHM_60h_R3_24",170142
"38_ribose 5-phosphate","IMS_40V_LALM_36h_R1_01",542085
"38_ribose 5-phosphate","IMS_40V_LALM_36h_R2_02",400004
"38_ribose 5-phosphate","IMS_40V_LALM_36h_R3_03",389538
"38_ribose 5-phosphate","IMS_40V_LALM_60h_R1_13",164100
"38_ribose 5-phosphate","IMS_40V_LALM_60h_R2_14",193711
"38_ribose 5-phosphate","IMS_40V_LALM_60h_R3_15",135360
"39_glutamic acid","IMS_20V_HAHM_36h_R1_07",1971157
"39_glutamic acid","IMS_20V_HAHM_36h_R2_08",1815776
"39_glutamic acid","IMS_20V_HAHM_36h_R3_09",2694221
"39_glutamic acid","IMS_20V_HAHM_60h_R1_19",1431070
"39_glutamic acid","IMS_20V_HAHM_60h_R2_20",1489733
"39_glutamic acid","IMS_20V_HAHM_60h_R3_21",1306011
"39_glutamic acid","IMS_20V_HALM_36h_R1_04",1885107
"39_glutamic acid","IMS_20V_HALM_36h_R2_05",1912562
"39_glutamic acid","IMS_20V_HALM_36h_R3_06",1806187
"39_glutamic acid","IMS_20V_HALM_60h_R1_16",1295606
"39_glutamic acid","IMS_20V_HALM_60h_R2_17",869067
"39_glutamic acid","IMS_20V_HALM_60h_R3_18",717656
"39_glutamic acid","IMS_20V_LAHM_36h_R1_10",1890844
"39_glutamic acid","IMS_20V_LAHM_36h_R2_11",2183847
"39_glutamic acid","IMS_20V_LAHM_36h_R3_12",1966804
"39_glutamic acid","IMS_20V_LAHM_60h_R1_22",1440881
"39_glutamic acid","IMS_20V_LAHM_60h_R2_23",1220176
"39_glutamic acid","IMS_20V_LAHM_60h_R3_24",1350660
"39_glutamic acid","IMS_20V_LALM_36h_R1_01",2424309
"39_glutamic acid","IMS_20V_LALM_36h_R2_02",2304352
"39_glutamic acid","IMS_20V_LALM_36h_R3_03",2613929
"39_glutamic acid","IMS_20V_LALM_60h_R1_13",1403850
"39_glutamic acid","IMS_20V_LALM_60h_R2_14",1532969
"39_glutamic acid","IMS_20V_LALM_60h_R3_15",1408623
"39_glutamic acid","IMS_40V_HAHM_36h_R1_07",1865287
"39_glutamic acid","IMS_40V_HAHM_36h_R2_08",1608118
"39_glutamic acid","IMS_40V_HAHM_36h_R3_09",2612467
"39_glutamic acid","IMS_40V_HAHM_60h_R1_19",1364490
"39_glutamic acid","IMS_40V_HAHM_60h_R2_20",1397270
"39_glutamic acid","IMS_40V_HAHM_60h_R3_21",1264239
"39_glutamic acid","IMS_40V_HALM_36h_R1_04",1869475
"39_glutamic acid","IMS_40V_HALM_36h_R2_05",1932769
"39_glutamic acid","IMS_40V_HALM_36h_R3_06",1739589
"39_glutamic acid","IMS_40V_HALM_60h_R1_16",1204500
"39_glutamic acid","IMS_40V_HALM_60h_R2_17",788314
"39_glutamic acid","IMS_40V_HALM_60h_R3_18",758090
"39_glutamic acid","IMS_40V_LAHM_36h_R1_10",1865645
"39_glutamic acid","IMS_40V_LAHM_36h_R2_11",1964135
"39_glutamic acid","IMS_40V_LAHM_36h_R3_12",1839681
"39_glutamic acid","IMS_40V_LAHM_60h_R1_22",1393968
"39_glutamic acid","IMS_40V_LAHM_60h_R2_23",1164043
"39_glutamic acid","IMS_40V_LAHM_60h_R3_24",1367410
"39_glutamic acid","IMS_40V_LALM_36h_R1_01",2288368
"39_glutamic acid","IMS_40V_LALM_36h_R2_02",2225791
"39_glutamic acid","IMS_40V_LALM_36h_R3_03",2410917
"39_glutamic acid","IMS_40V_LALM_60h_R1_13",1285106
"39_glutamic acid","IMS_40V_LALM_60h_R2_14",1453844
"39_glutamic acid","IMS_40V_LALM_60h_R3_15",1298700
"40_alanine","IMS_20V_HAHM_36h_R1_07",72030
"40_alanine","IMS_20V_HAHM_36h_R2_08",177558
"40_alanine","IMS_20V_HAHM_36h_R3_09",149974
"40_alanine","IMS_20V_HAHM_60h_R1_19",67738
"40_alanine","IMS_20V_HAHM_60h_R2_20",55743
"40_alanine","IMS_20V_HAHM_60h_R3_21",106473
"40_alanine","IMS_20V_HALM_36h_R1_04",81591
"40_alanine","IMS_20V_HALM_36h_R2_05",76664
"40_alanine","IMS_20V_HALM_36h_R3_06",88020
"40_alanine","IMS_20V_HALM_60h_R1_16",32426
"40_alanine","IMS_20V_HALM_60h_R2_17",10130
"40_alanine","IMS_20V_HALM_60h_R3_18",23004
"40_alanine","IMS_20V_LAHM_36h_R1_10",168365
"40_alanine","IMS_20V_LAHM_36h_R2_11",104087
"40_alanine","IMS_20V_LAHM_36h_R3_12",129612
"40_alanine","IMS_20V_LAHM_60h_R1_22",136606
"40_alanine","IMS_20V_LAHM_60h_R2_23",144968
"40_alanine","IMS_20V_LAHM_60h_R3_24",131197
"40_alanine","IMS_20V_LALM_36h_R1_01",165186
"40_alanine","IMS_20V_LALM_36h_R2_02",163406
"40_alanine","IMS_20V_LALM_36h_R3_03",165070
"40_alanine","IMS_20V_LALM_60h_R1_13",150405
"40_alanine","IMS_20V_LALM_60h_R2_14",158678
"40_alanine","IMS_20V_LALM_60h_R3_15",153910
"40_alanine","IMS_40V_HAHM_36h_R1_07",68211
"40_alanine","IMS_40V_HAHM_36h_R2_08",180257
"40_alanine","IMS_40V_HAHM_36h_R3_09",55549
"40_alanine","IMS_40V_HAHM_60h_R1_19",78925
"40_alanine","IMS_40V_HAHM_60h_R2_20",177846
"40_alanine","IMS_40V_HAHM_60h_R3_21",77695
"40_alanine","IMS_40V_HALM_36h_R1_04",82471
"40_alanine","IMS_40V_HALM_36h_R2_05",80757
"40_alanine","IMS_40V_HALM_36h_R3_06",76839
"40_alanine","IMS_40V_HALM_60h_R1_16",12051
"40_alanine","IMS_40V_HALM_60h_R2_17",7272
"40_alanine","IMS_40V_HALM_60h_R3_18",10998
"40_alanine","IMS_40V_LAHM_36h_R1_10",160650
"40_alanine","IMS_40V_LAHM_36h_R2_11",81159
"40_alanine","IMS_40V_LAHM_36h_R3_12",145818
"40_alanine","IMS_40V_LAHM_60h_R1_22",131364
"40_alanine","IMS_40V_LAHM_60h_R2_23",116320
"40_alanine","IMS_40V_LAHM_60h_R3_24",109271
"40_alanine","IMS_40V_LALM_36h_R1_01",155667
"40_alanine","IMS_40V_LALM_36h_R2_02",145471
"40_alanine","IMS_40V_LALM_36h_R3_03",154303
"40_alanine","IMS_40V_LALM_60h_R1_13",135512
"40_alanine","IMS_40V_LALM_60h_R2_14",176066
"40_alanine","IMS_40V_LALM_60h_R3_15",137115
"41_UDP-glucose","IMS_20V_HAHM_36h_R1_07",15581064
"41_UDP-glucose","IMS_20V_HAHM_36h_R2_08",15061493
"41_UDP-glucose","IMS_20V_HAHM_36h_R3_09",24700694
"41_UDP-glucose","IMS_20V_HAHM_60h_R1_19",22341672
"41_UDP-glucose","IMS_20V_HAHM_60h_R2_20",14226556
"41_UDP-glucose","IMS_20V_HAHM_60h_R3_21",20258198
"41_UDP-glucose","IMS_20V_HALM_36h_R1_04",27481668
"41_UDP-glucose","IMS_20V_HALM_36h_R2_05",27645654
"41_UDP-glucose","IMS_20V_HALM_36h_R3_06",28710526
"41_UDP-glucose","IMS_20V_HALM_60h_R1_16",13277042
"41_UDP-glucose","IMS_20V_HALM_60h_R2_17",10593805
"41_UDP-glucose","IMS_20V_HALM_60h_R3_18",11129308
"41_UDP-glucose","IMS_20V_LAHM_36h_R1_10",22840224
"41_UDP-glucose","IMS_20V_LAHM_36h_R2_11",21199038
"41_UDP-glucose","IMS_20V_LAHM_36h_R3_12",26251056
"41_UDP-glucose","IMS_20V_LAHM_60h_R1_22",16656328
"41_UDP-glucose","IMS_20V_LAHM_60h_R2_23",17750762
"41_UDP-glucose","IMS_20V_LAHM_60h_R3_24",17738674
"41_UDP-glucose","IMS_20V_LALM_36h_R1_01",29226314
"41_UDP-glucose","IMS_20V_LALM_36h_R2_02",24905388
"41_UDP-glucose","IMS_20V_LALM_36h_R3_03",23185896
"41_UDP-glucose","IMS_20V_LALM_60h_R1_13",13634961
"41_UDP-glucose","IMS_20V_LALM_60h_R2_14",13759446
"41_UDP-glucose","IMS_20V_LALM_60h_R3_15",14620495
"41_UDP-glucose","IMS_40V_HAHM_36h_R1_07",19910608
"41_UDP-glucose","IMS_40V_HAHM_36h_R2_08",14155659
"41_UDP-glucose","IMS_40V_HAHM_36h_R3_09",22457308
"41_UDP-glucose","IMS_40V_HAHM_60h_R1_19",15340527
"41_UDP-glucose","IMS_40V_HAHM_60h_R2_20",19042404
"41_UDP-glucose","IMS_40V_HAHM_60h_R3_21",19248616
"41_UDP-glucose","IMS_40V_HALM_36h_R1_04",26312268
"41_UDP-glucose","IMS_40V_HALM_36h_R2_05",22252278
"41_UDP-glucose","IMS_40V_HALM_36h_R3_06",27708188
"41_UDP-glucose","IMS_40V_HALM_60h_R1_16",13057403
"41_UDP-glucose","IMS_40V_HALM_60h_R2_17",9238415
"41_UDP-glucose","IMS_40V_HALM_60h_R3_18",10326293
"41_UDP-glucose","IMS_40V_LAHM_36h_R1_10",20167468
"41_UDP-glucose","IMS_40V_LAHM_36h_R2_11",19675922
"41_UDP-glucose","IMS_40V_LAHM_36h_R3_12",22854904
"41_UDP-glucose","IMS_40V_LAHM_60h_R1_22",11206363
"41_UDP-glucose","IMS_40V_LAHM_60h_R2_23",17579372
"41_UDP-glucose","IMS_40V_LAHM_60h_R3_24",16808506
"41_UDP-glucose","IMS_40V_LALM_36h_R1_01",26652416
"41_UDP-glucose","IMS_40V_LALM_36h_R2_02",24293722
"41_UDP-glucose","IMS_40V_LALM_36h_R3_03",23077524
"41_UDP-glucose","IMS_40V_LALM_60h_R1_13",11832708
"41_UDP-glucose","IMS_40V_LALM_60h_R2_14",15169684
"41_UDP-glucose","IMS_40V_LALM_60h_R3_15",12425153
"42_glucose 1-phosphate (G1P)","IMS_20V_HAHM_36h_R1_07",2205286
"42_glucose 1-phosphate (G1P)","IMS_20V_HAHM_36h_R2_08",1223417
"42_glucose 1-phosphate (G1P)","IMS_20V_HAHM_36h_R3_09",2569335
"42_glucose 1-phosphate (G1P)","IMS_20V_HAHM_60h_R1_19",1767518
"42_glucose 1-phosphate (G1P)","IMS_20V_HAHM_60h_R2_20",1425086
"42_glucose 1-phosphate (G1P)","IMS_20V_HAHM_60h_R3_21",1708243
"42_glucose 1-phosphate (G1P)","IMS_20V_HALM_36h_R1_04",4511116
"42_glucose 1-phosphate (G1P)","IMS_20V_HALM_36h_R2_05",3583032
"42_glucose 1-phosphate (G1P)","IMS_20V_HALM_36h_R3_06",3677991
"42_glucose 1-phosphate (G1P)","IMS_20V_HALM_60h_R1_16",245754
"42_glucose 1-phosphate (G1P)","IMS_20V_HALM_60h_R2_17",144259
"42_glucose 1-phosphate (G1P)","IMS_20V_HALM_60h_R3_18",229545
"42_glucose 1-phosphate (G1P)","IMS_20V_LAHM_36h_R1_10",2660036
"42_glucose 1-phosphate (G1P)","IMS_20V_LAHM_36h_R2_11",2626427
"42_glucose 1-phosphate (G1P)","IMS_20V_LAHM_36h_R3_12",1838332
"42_glucose 1-phosphate (G1P)","IMS_20V_LAHM_60h_R1_22",2427900
"42_glucose 1-phosphate (G1P)","IMS_20V_LAHM_60h_R2_23",1905034
"42_glucose 1-phosphate (G1P)","IMS_20V_LAHM_60h_R3_24",2223851
"42_glucose 1-phosphate (G1P)","IMS_20V_LALM_36h_R1_01",2875033
"42_glucose 1-phosphate (G1P)","IMS_20V_LALM_36h_R2_02",2728412
"42_glucose 1-phosphate (G1P)","IMS_20V_LALM_36h_R3_03",3687832
"42_glucose 1-phosphate (G1P)","IMS_20V_LALM_60h_R1_13",408877
"42_glucose 1-phosphate (G1P)","IMS_20V_LALM_60h_R2_14",292775
"42_glucose 1-phosphate (G1P)","IMS_20V_LALM_60h_R3_15",111816
"42_glucose 1-phosphate (G1P)","IMS_40V_HAHM_36h_R1_07",2190821
"42_glucose 1-phosphate (G1P)","IMS_40V_HAHM_36h_R2_08",1297323
"42_glucose 1-phosphate (G1P)","IMS_40V_HAHM_36h_R3_09",2417176
"42_glucose 1-phosphate (G1P)","IMS_40V_HAHM_60h_R1_19",1730522
"42_glucose 1-phosphate (G1P)","IMS_40V_HAHM_60h_R2_20",1966955
"42_glucose 1-phosphate (G1P)","IMS_40V_HAHM_60h_R3_21",1466916
"42_glucose 1-phosphate (G1P)","IMS_40V_HALM_36h_R1_04",3379504
"42_glucose 1-phosphate (G1P)","IMS_40V_HALM_36h_R2_05",2999822
"42_glucose 1-phosphate (G1P)","IMS_40V_HALM_36h_R3_06",3202352
"42_glucose 1-phosphate (G1P)","IMS_40V_HALM_60h_R1_16",322042
"42_glucose 1-phosphate (G1P)","IMS_40V_HALM_60h_R2_17",117206
"42_glucose 1-phosphate (G1P)","IMS_40V_HALM_60h_R3_18",207584
"42_glucose 1-phosphate (G1P)","IMS_40V_LAHM_36h_R1_10",2704526
"42_glucose 1-phosphate (G1P)","IMS_40V_LAHM_36h_R2_11",2650598
"42_glucose 1-phosphate (G1P)","IMS_40V_LAHM_36h_R3_12",1951671
"42_glucose 1-phosphate (G1P)","IMS_40V_LAHM_60h_R1_22",2509219
"42_glucose 1-phosphate (G1P)","IMS_40V_LAHM_60h_R2_23",1629561
"42_glucose 1-phosphate (G1P)","IMS_40V_LAHM_60h_R3_24",2127461
"42_glucose 1-phosphate (G1P)","IMS_40V_LALM_36h_R1_01",2234320
"42_glucose 1-phosphate (G1P)","IMS_40V_LALM_36h_R2_02",2510324
"42_glucose 1-phosphate (G1P)","IMS_40V_LALM_36h_R3_03",3713679
"42_glucose 1-phosphate (G1P)","IMS_40V_LALM_60h_R1_13",197122
"42_glucose 1-phosphate (G1P)","IMS_40V_LALM_60h_R2_14",177033
"42_glucose 1-phosphate (G1P)","IMS_40V_LALM_60h_R3_15",112081
"43_cis,cis-muconic acid","IMS_20V_HAHM_36h_R1_07",225140
"43_cis,cis-muconic acid","IMS_20V_HAHM_36h_R2_08",144853
"43_cis,cis-muconic acid","IMS_20V_HAHM_36h_R3_09",168294
"43_cis,cis-muconic acid","IMS_20V_HAHM_60h_R1_19",185361
"43_cis,cis-muconic acid","IMS_20V_HAHM_60h_R2_20",259108
"43_cis,cis-muconic acid","IMS_20V_HAHM_60h_R3_21",157371
"43_cis,cis-muconic acid","IMS_20V_HALM_36h_R1_04",179090
"43_cis,cis-muconic acid","IMS_20V_HALM_36h_R2_05",251341
"43_cis,cis-muconic acid","IMS_20V_HALM_36h_R3_06",162951
"43_cis,cis-muconic acid","IMS_20V_HALM_60h_R1_16",183543
"43_cis,cis-muconic acid","IMS_20V_HALM_60h_R2_17",232011
"43_cis,cis-muconic acid","IMS_20V_HALM_60h_R3_18",203668
"43_cis,cis-muconic acid","IMS_20V_LAHM_36h_R1_10",195029
"43_cis,cis-muconic acid","IMS_20V_LAHM_36h_R2_11",190616
"43_cis,cis-muconic acid","IMS_20V_LAHM_36h_R3_12",197462
"43_cis,cis-muconic acid","IMS_20V_LAHM_60h_R1_22",177186
"43_cis,cis-muconic acid","IMS_20V_LAHM_60h_R2_23",188689
"43_cis,cis-muconic acid","IMS_20V_LAHM_60h_R3_24",192473
"43_cis,cis-muconic acid","IMS_20V_LALM_36h_R1_01",189427
"43_cis,cis-muconic acid","IMS_20V_LALM_36h_R2_02",124990
"43_cis,cis-muconic acid","IMS_20V_LALM_36h_R3_03",163072
"43_cis,cis-muconic acid","IMS_20V_LALM_60h_R1_13",149075
"43_cis,cis-muconic acid","IMS_20V_LALM_60h_R2_14",159262
"43_cis,cis-muconic acid","IMS_20V_LALM_60h_R3_15",173025
"43_cis,cis-muconic acid","IMS_40V_HAHM_36h_R1_07",225502
"43_cis,cis-muconic acid","IMS_40V_HAHM_36h_R2_08",171242
"43_cis,cis-muconic acid","IMS_40V_HAHM_36h_R3_09",203229
"43_cis,cis-muconic acid","IMS_40V_HAHM_60h_R1_19",171190
"43_cis,cis-muconic acid","IMS_40V_HAHM_60h_R2_20",237756
"43_cis,cis-muconic acid","IMS_40V_HAHM_60h_R3_21",155107
"43_cis,cis-muconic acid","IMS_40V_HALM_36h_R1_04",202857
"43_cis,cis-muconic acid","IMS_40V_HALM_36h_R2_05",223769
"43_cis,cis-muconic acid","IMS_40V_HALM_36h_R3_06",157937
"43_cis,cis-muconic acid","IMS_40V_HALM_60h_R1_16",165346
"43_cis,cis-muconic acid","IMS_40V_HALM_60h_R2_17",250128
"43_cis,cis-muconic acid","IMS_40V_HALM_60h_R3_18",185362
"43_cis,cis-muconic acid","IMS_40V_LAHM_36h_R1_10",180830
"43_cis,cis-muconic acid","IMS_40V_LAHM_36h_R2_11",175828
"43_cis,cis-muconic acid","IMS_40V_LAHM_36h_R3_12",168587
"43_cis,cis-muconic acid","IMS_40V_LAHM_60h_R1_22",159372
"43_cis,cis-muconic acid","IMS_40V_LAHM_60h_R2_23",155204
"43_cis,cis-muconic acid","IMS_40V_LAHM_60h_R3_24",178825
"43_cis,cis-muconic acid","IMS_40V_LALM_36h_R1_01",171056
"43_cis,cis-muconic acid","IMS_40V_LALM_36h_R2_02",156525
"43_cis,cis-muconic acid","IMS_40V_LALM_36h_R3_03",149806
"43_cis,cis-muconic acid","IMS_40V_LALM_60h_R1_13",164225
"43_cis,cis-muconic acid","IMS_40V_LALM_60h_R2_14",162250
"43_cis,cis-muconic acid","IMS_40V_LALM_60h_R3_15",180682
"46_glutamine","IMS_20V_HAHM_36h_R1_07",505626
"46_glutamine","IMS_20V_HAHM_36h_R2_08",367455
"46_glutamine","IMS_20V_HAHM_36h_R3_09",1249660
"46_glutamine","IMS_20V_HAHM_60h_R1_19",354811
"46_glutamine","IMS_20V_HAHM_60h_R2_20",284808
"46_glutamine","IMS_20V_HAHM_60h_R3_21",286373
"46_glutamine","IMS_20V_HALM_36h_R1_04",829387
"46_glutamine","IMS_20V_HALM_36h_R2_05",927761
"46_glutamine","IMS_20V_HALM_36h_R3_06",974790
"46_glutamine","IMS_20V_HALM_60h_R1_16",552966
"46_glutamine","IMS_20V_HALM_60h_R2_17",299854
"46_glutamine","IMS_20V_HALM_60h_R3_18",238298
"46_glutamine","IMS_20V_LAHM_36h_R1_10",490956
"46_glutamine","IMS_20V_LAHM_36h_R2_11",493692
"46_glutamine","IMS_20V_LAHM_36h_R3_12",514155
"46_glutamine","IMS_20V_LAHM_60h_R1_22",125669
"46_glutamine","IMS_20V_LAHM_60h_R2_23",244867
"46_glutamine","IMS_20V_LAHM_60h_R3_24",222715
"46_glutamine","IMS_20V_LALM_36h_R1_01",1182859
"46_glutamine","IMS_20V_LALM_36h_R2_02",1148342
"46_glutamine","IMS_20V_LALM_36h_R3_03",1286045
"46_glutamine","IMS_20V_LALM_60h_R1_13",484329
"46_glutamine","IMS_20V_LALM_60h_R2_14",418652
"46_glutamine","IMS_20V_LALM_60h_R3_15",480532
"46_glutamine","IMS_40V_HAHM_36h_R1_07",543846
"46_glutamine","IMS_40V_HAHM_36h_R2_08",348132
"46_glutamine","IMS_40V_HAHM_36h_R3_09",1176257
"46_glutamine","IMS_40V_HAHM_60h_R1_19",366699
"46_glutamine","IMS_40V_HAHM_60h_R2_20",313328
"46_glutamine","IMS_40V_HAHM_60h_R3_21",281652
"46_glutamine","IMS_40V_HALM_36h_R1_04",853076
"46_glutamine","IMS_40V_HALM_36h_R2_05",873036
"46_glutamine","IMS_40V_HALM_36h_R3_06",955340
"46_glutamine","IMS_40V_HALM_60h_R1_16",522878
"46_glutamine","IMS_40V_HALM_60h_R2_17",271072
"46_glutamine","IMS_40V_HALM_60h_R3_18",221295
"46_glutamine","IMS_40V_LAHM_36h_R1_10",500578
"46_glutamine","IMS_40V_LAHM_36h_R2_11",535985
"46_glutamine","IMS_40V_LAHM_36h_R3_12",448955
"46_glutamine","IMS_40V_LAHM_60h_R1_22",197956
"46_glutamine","IMS_40V_LAHM_60h_R2_23",209032
"46_glutamine","IMS_40V_LAHM_60h_R3_24",235452
"46_glutamine","IMS_40V_LALM_36h_R1_01",1091791
"46_glutamine","IMS_40V_LALM_36h_R2_02",1156901
"46_glutamine","IMS_40V_LALM_36h_R3_03",1117629
"46_glutamine","IMS_40V_LALM_60h_R1_13",497089
"46_glutamine","IMS_40V_LALM_60h_R2_14",497000
"46_glutamine","IMS_40V_LALM_60h_R3_15",446345
"47_xylitol","IMS_20V_HAHM_36h_R1_07",2259543
"47_xylitol","IMS_20V_HAHM_36h_R2_08",3711049
"47_xylitol","IMS_20V_HAHM_36h_R3_09",1889355
"47_xylitol","IMS_20V_HAHM_60h_R1_19",2703366
"47_xylitol","IMS_20V_HAHM_60h_R2_20",1962927
"47_xylitol","IMS_20V_HAHM_60h_R3_21",3635540
"47_xylitol","IMS_20V_HALM_36h_R1_04",1320177
"47_xylitol","IMS_20V_HALM_36h_R2_05",1299537
"47_xylitol","IMS_20V_HALM_36h_R3_06",1799819
"47_xylitol","IMS_20V_HALM_60h_R1_16",8909116
"47_xylitol","IMS_20V_HALM_60h_R2_17",7320514
"47_xylitol","IMS_20V_HALM_60h_R3_18",7465422
"47_xylitol","IMS_20V_LAHM_36h_R1_10",2083467
"47_xylitol","IMS_20V_LAHM_36h_R2_11",2397543
"47_xylitol","IMS_20V_LAHM_36h_R3_12",2293909
"47_xylitol","IMS_20V_LAHM_60h_R1_22",1537531
"47_xylitol","IMS_20V_LAHM_60h_R2_23",2462262
"47_xylitol","IMS_20V_LAHM_60h_R3_24",2137015
"47_xylitol","IMS_20V_LALM_36h_R1_01",1610035
"47_xylitol","IMS_20V_LALM_36h_R2_02",1958081
"47_xylitol","IMS_20V_LALM_36h_R3_03",2231372
"47_xylitol","IMS_20V_LALM_60h_R1_13",6083051
"47_xylitol","IMS_20V_LALM_60h_R2_14",5710185
"47_xylitol","IMS_20V_LALM_60h_R3_15",7013900
"47_xylitol","IMS_40V_HAHM_36h_R1_07",2023392
"47_xylitol","IMS_40V_HAHM_36h_R2_08",3363518
"47_xylitol","IMS_40V_HAHM_36h_R3_09",1317777
"47_xylitol","IMS_40V_HAHM_60h_R1_19",2526331
"47_xylitol","IMS_40V_HAHM_60h_R2_20",1752712
"47_xylitol","IMS_40V_HAHM_60h_R3_21",2749117
"47_xylitol","IMS_40V_HALM_36h_R1_04",1186967
"47_xylitol","IMS_40V_HALM_36h_R2_05",637988
"47_xylitol","IMS_40V_HALM_36h_R3_06",1402882
"47_xylitol","IMS_40V_HALM_60h_R1_16",8166062
"47_xylitol","IMS_40V_HALM_60h_R2_17",6530759
"47_xylitol","IMS_40V_HALM_60h_R3_18",6713466
"47_xylitol","IMS_40V_LAHM_36h_R1_10",1402660
"47_xylitol","IMS_40V_LAHM_36h_R2_11",2048121
"47_xylitol","IMS_40V_LAHM_36h_R3_12",1984710
"47_xylitol","IMS_40V_LAHM_60h_R1_22",1313987
"47_xylitol","IMS_40V_LAHM_60h_R2_23",1840560
"47_xylitol","IMS_40V_LAHM_60h_R3_24",1472884
"47_xylitol","IMS_40V_LALM_36h_R1_01",1341938
"47_xylitol","IMS_40V_LALM_36h_R2_02",1464224
"47_xylitol","IMS_40V_LALM_36h_R3_03",1689030
"47_xylitol","IMS_40V_LALM_60h_R1_13",5218294
"47_xylitol","IMS_40V_LALM_60h_R2_14",4556522
"47_xylitol","IMS_40V_LALM_60h_R3_15",5998347
"48_trehalose","IMS_20V_HAHM_36h_R1_07",23785244
"48_trehalose","IMS_20V_HAHM_36h_R2_08",21293360
"48_trehalose","IMS_20V_HAHM_36h_R3_09",17679732
"48_trehalose","IMS_20V_HAHM_60h_R1_19",28308348
"48_trehalose","IMS_20V_HAHM_60h_R2_20",24978612
"48_trehalose","IMS_20V_HAHM_60h_R3_21",26350302
"48_trehalose","IMS_20V_HALM_36h_R1_04",17301536
"48_trehalose","IMS_20V_HALM_36h_R2_05",18194892
"48_trehalose","IMS_20V_HALM_36h_R3_06",18916562
"48_trehalose","IMS_20V_HALM_60h_R1_16",6492917
"48_trehalose","IMS_20V_HALM_60h_R2_17",4464641
"48_trehalose","IMS_20V_HALM_60h_R3_18",3341906
"48_trehalose","IMS_20V_LAHM_36h_R1_10",21250580
"48_trehalose","IMS_20V_LAHM_36h_R2_11",29783384
"48_trehalose","IMS_20V_LAHM_36h_R3_12",30521332
"48_trehalose","IMS_20V_LAHM_60h_R1_22",28399590
"48_trehalose","IMS_20V_LAHM_60h_R2_23",30536550
"48_trehalose","IMS_20V_LAHM_60h_R3_24",33914832
"48_trehalose","IMS_20V_LALM_36h_R1_01",12845515
"48_trehalose","IMS_20V_LALM_36h_R2_02",15217813
"48_trehalose","IMS_20V_LALM_36h_R3_03",17663806
"48_trehalose","IMS_20V_LALM_60h_R1_13",9293748
"48_trehalose","IMS_20V_LALM_60h_R2_14",11279700
"48_trehalose","IMS_20V_LALM_60h_R3_15",10517672
"48_trehalose","IMS_40V_HAHM_36h_R1_07",15154575
"48_trehalose","IMS_40V_HAHM_36h_R2_08",17327816
"48_trehalose","IMS_40V_HAHM_36h_R3_09",14189679
"48_trehalose","IMS_40V_HAHM_60h_R1_19",17363768
"48_trehalose","IMS_40V_HAHM_60h_R2_20",13829527
"48_trehalose","IMS_40V_HAHM_60h_R3_21",21621422
"48_trehalose","IMS_40V_HALM_36h_R1_04",12851183
"48_trehalose","IMS_40V_HALM_36h_R2_05",14717810
"48_trehalose","IMS_40V_HALM_36h_R3_06",13122530
"48_trehalose","IMS_40V_HALM_60h_R1_16",3240697
"48_trehalose","IMS_40V_HALM_60h_R2_17",3221140
"48_trehalose","IMS_40V_HALM_60h_R3_18",2114650
"48_trehalose","IMS_40V_LAHM_36h_R1_10",21067492
"48_trehalose","IMS_40V_LAHM_36h_R2_11",14292138
"48_trehalose","IMS_40V_LAHM_36h_R3_12",18516010
"48_trehalose","IMS_40V_LAHM_60h_R1_22",17647010
"48_trehalose","IMS_40V_LAHM_60h_R2_23",28936898
"48_trehalose","IMS_40V_LAHM_60h_R3_24",18633752
"48_trehalose","IMS_40V_LALM_36h_R1_01",12526362
"48_trehalose","IMS_40V_LALM_36h_R2_02",13983195
"48_trehalose","IMS_40V_LALM_36h_R3_03",14889971
"48_trehalose","IMS_40V_LALM_60h_R1_13",7614061
"48_trehalose","IMS_40V_LALM_60h_R2_14",9022850
"48_trehalose","IMS_40V_LALM_60h_R3_15",10066634
"49_phenylalanine","IMS_20V_HAHM_36h_R1_07",2719
"49_phenylalanine","IMS_20V_HAHM_36h_R2_08",32189
"49_phenylalanine","IMS_20V_HAHM_36h_R3_09",2445
"49_phenylalanine","IMS_20V_HAHM_60h_R1_19",1692
"49_phenylalanine","IMS_20V_HAHM_60h_R2_20",6730
"49_phenylalanine","IMS_20V_HAHM_60h_R3_21",8231
"49_phenylalanine","IMS_20V_HALM_36h_R1_04",19287
"49_phenylalanine","IMS_20V_HALM_36h_R2_05",7546
"49_phenylalanine","IMS_20V_HALM_36h_R3_06",15528
"49_phenylalanine","IMS_20V_HALM_60h_R1_16",41055
"49_phenylalanine","IMS_20V_HALM_60h_R2_17",25197
"49_phenylalanine","IMS_20V_HALM_60h_R3_18",42969
"49_phenylalanine","IMS_20V_LAHM_36h_R1_10",11142
"49_phenylalanine","IMS_20V_LAHM_36h_R2_11",3624
"49_phenylalanine","IMS_20V_LAHM_36h_R3_12",12740
"49_phenylalanine","IMS_20V_LAHM_60h_R1_22",7877
"49_phenylalanine","IMS_20V_LAHM_60h_R2_23",24545
"49_phenylalanine","IMS_20V_LAHM_60h_R3_24",9272
"49_phenylalanine","IMS_20V_LALM_36h_R1_01",5138
"49_phenylalanine","IMS_20V_LALM_36h_R2_02",7898
"49_phenylalanine","IMS_20V_LALM_36h_R3_03",18338
"49_phenylalanine","IMS_20V_LALM_60h_R1_13",18858
"49_phenylalanine","IMS_20V_LALM_60h_R2_14",16791
"49_phenylalanine","IMS_20V_LALM_60h_R3_15",13564
"49_phenylalanine","IMS_40V_HAHM_36h_R1_07",2377
"49_phenylalanine","IMS_40V_HAHM_36h_R2_08",10696
"49_phenylalanine","IMS_40V_HAHM_36h_R3_09",3349
"49_phenylalanine","IMS_40V_HAHM_60h_R1_19",10973
"49_phenylalanine","IMS_40V_HAHM_60h_R2_20",4316
"49_phenylalanine","IMS_40V_HAHM_60h_R3_21",4239
"49_phenylalanine","IMS_40V_HALM_36h_R1_04",930
"49_phenylalanine","IMS_40V_HALM_36h_R2_05",4909
"49_phenylalanine","IMS_40V_HALM_36h_R3_06",6672
"49_phenylalanine","IMS_40V_HALM_60h_R1_16",24179
"49_phenylalanine","IMS_40V_HALM_60h_R2_17",11358
"49_phenylalanine","IMS_40V_HALM_60h_R3_18",34410
"49_phenylalanine","IMS_40V_LAHM_36h_R1_10",8838
"49_phenylalanine","IMS_40V_LAHM_36h_R2_11",3298
"49_phenylalanine","IMS_40V_LAHM_36h_R3_12",1803
"49_phenylalanine","IMS_40V_LAHM_60h_R1_22",8564
"49_phenylalanine","IMS_40V_LAHM_60h_R2_23",26701
"49_phenylalanine","IMS_40V_LAHM_60h_R3_24",6196
"49_phenylalanine","IMS_40V_LALM_36h_R1_01",2571
"49_phenylalanine","IMS_40V_LALM_36h_R2_02",7526
"49_phenylalanine","IMS_40V_LALM_36h_R3_03",7692
"49_phenylalanine","IMS_40V_LALM_60h_R1_13",23049
"49_phenylalanine","IMS_40V_LALM_60h_R2_14",25753
"49_phenylalanine","IMS_40V_LALM_60h_R3_15",39308
"50_arabitol","IMS_20V_HAHM_36h_R1_07",2530198
"50_arabitol","IMS_20V_HAHM_36h_R2_08",3946102
"50_arabitol","IMS_20V_HAHM_36h_R3_09",2038709
"50_arabitol","IMS_20V_HAHM_60h_R1_19",2980126
"50_arabitol","IMS_20V_HAHM_60h_R2_20",2272482
"50_arabitol","IMS_20V_HAHM_60h_R3_21",3829562
"50_arabitol","IMS_20V_HALM_36h_R1_04",1677367
"50_arabitol","IMS_20V_HALM_36h_R2_05",1708399
"50_arabitol","IMS_20V_HALM_36h_R3_06",2074640
"50_arabitol","IMS_20V_HALM_60h_R1_16",9162213
"50_arabitol","IMS_20V_HALM_60h_R2_17",7741134
"50_arabitol","IMS_20V_HALM_60h_R3_18",7458833
"50_arabitol","IMS_20V_LAHM_36h_R1_10",2356301
"50_arabitol","IMS_20V_LAHM_36h_R2_11",2551986
"50_arabitol","IMS_20V_LAHM_36h_R3_12",2549147
"50_arabitol","IMS_20V_LAHM_60h_R1_22",1803394
"50_arabitol","IMS_20V_LAHM_60h_R2_23",2491271
"50_arabitol","IMS_20V_LAHM_60h_R3_24",2431109
"50_arabitol","IMS_20V_LALM_36h_R1_01",1859455
"50_arabitol","IMS_20V_LALM_36h_R2_02",2191128
"50_arabitol","IMS_20V_LALM_36h_R3_03",2409069
"50_arabitol","IMS_20V_LALM_60h_R1_13",6343537
"50_arabitol","IMS_20V_LALM_60h_R2_14",6042246
"50_arabitol","IMS_20V_LALM_60h_R3_15",7304589
"50_arabitol","IMS_40V_HAHM_36h_R1_07",2403853
"50_arabitol","IMS_40V_HAHM_36h_R2_08",3864968
"50_arabitol","IMS_40V_HAHM_36h_R3_09",1864865
"50_arabitol","IMS_40V_HAHM_60h_R1_19",3044163
"50_arabitol","IMS_40V_HAHM_60h_R2_20",2247452
"50_arabitol","IMS_40V_HAHM_60h_R3_21",3362637
"50_arabitol","IMS_40V_HALM_36h_R1_04",1761139
"50_arabitol","IMS_40V_HALM_36h_R2_05",1808805
"50_arabitol","IMS_40V_HALM_36h_R3_06",2237119
"50_arabitol","IMS_40V_HALM_60h_R1_16",8730364
"50_arabitol","IMS_40V_HALM_60h_R2_17",7339994
"50_arabitol","IMS_40V_HALM_60h_R3_18",7190233
"50_arabitol","IMS_40V_LAHM_36h_R1_10",2044572
"50_arabitol","IMS_40V_LAHM_36h_R2_11",2348528
"50_arabitol","IMS_40V_LAHM_36h_R3_12",2336284
"50_arabitol","IMS_40V_LAHM_60h_R1_22",1834108
"50_arabitol","IMS_40V_LAHM_60h_R2_23",2281775
"50_arabitol","IMS_40V_LAHM_60h_R3_24",2401556
"50_arabitol","IMS_40V_LALM_36h_R1_01",1776501
"50_arabitol","IMS_40V_LALM_36h_R2_02",2182535
"50_arabitol","IMS_40V_LALM_36h_R3_03",2101393
"50_arabitol","IMS_40V_LALM_60h_R1_13",5828027
"50_arabitol","IMS_40V_LALM_60h_R2_14",5511056
"50_arabitol","IMS_40V_LALM_60h_R3_15",6573619
"53_erythrose 4-phosphate (E4P)","IMS_20V_HAHM_36h_R1_07",56496
"53_erythrose 4-phosphate (E4P)","IMS_20V_HAHM_36h_R2_08",19847
"53_erythrose 4-phosphate (E4P)","IMS_20V_HAHM_36h_R3_09",60235
"53_erythrose 4-phosphate (E4P)","IMS_20V_HAHM_60h_R1_19",51351
"53_erythrose 4-phosphate (E4P)","IMS_20V_HAHM_60h_R2_20",38809
"53_erythrose 4-phosphate (E4P)","IMS_20V_HAHM_60h_R3_21",34563
"53_erythrose 4-phosphate (E4P)","IMS_20V_HALM_36h_R1_04",50875
"53_erythrose 4-phosphate (E4P)","IMS_20V_HALM_36h_R2_05",80050
"53_erythrose 4-phosphate (E4P)","IMS_20V_HALM_36h_R3_06",66258
"53_erythrose 4-phosphate (E4P)","IMS_20V_HALM_60h_R1_16",3331
"53_erythrose 4-phosphate (E4P)","IMS_20V_HALM_60h_R2_17",1661
"53_erythrose 4-phosphate (E4P)","IMS_20V_HALM_60h_R3_18",1023
"53_erythrose 4-phosphate (E4P)","IMS_20V_LAHM_36h_R1_10",48036
"53_erythrose 4-phosphate (E4P)","IMS_20V_LAHM_36h_R2_11",72272
"53_erythrose 4-phosphate (E4P)","IMS_20V_LAHM_36h_R3_12",65423
"53_erythrose 4-phosphate (E4P)","IMS_20V_LAHM_60h_R1_22",51144
"53_erythrose 4-phosphate (E4P)","IMS_20V_LAHM_60h_R2_23",20562
"53_erythrose 4-phosphate (E4P)","IMS_20V_LAHM_60h_R3_24",9405
"53_erythrose 4-phosphate (E4P)","IMS_20V_LALM_36h_R1_01",54698
"53_erythrose 4-phosphate (E4P)","IMS_20V_LALM_36h_R2_02",49312
"53_erythrose 4-phosphate (E4P)","IMS_20V_LALM_36h_R3_03",84096
"53_erythrose 4-phosphate (E4P)","IMS_20V_LALM_60h_R1_13",6122
"53_erythrose 4-phosphate (E4P)","IMS_20V_LALM_60h_R2_14",4501
"53_erythrose 4-phosphate (E4P)","IMS_20V_LALM_60h_R3_15",1405
"53_erythrose 4-phosphate (E4P)","IMS_40V_HAHM_36h_R1_07",43260
"53_erythrose 4-phosphate (E4P)","IMS_40V_HAHM_36h_R2_08",13301
"53_erythrose 4-phosphate (E4P)","IMS_40V_HAHM_36h_R3_09",53107
"53_erythrose 4-phosphate (E4P)","IMS_40V_HAHM_60h_R1_19",33591
"53_erythrose 4-phosphate (E4P)","IMS_40V_HAHM_60h_R2_20",24616
"53_erythrose 4-phosphate (E4P)","IMS_40V_HAHM_60h_R3_21",30830
"53_erythrose 4-phosphate (E4P)","IMS_40V_HALM_36h_R1_04",73722
"53_erythrose 4-phosphate (E4P)","IMS_40V_HALM_36h_R2_05",79147
"53_erythrose 4-phosphate (E4P)","IMS_40V_HALM_36h_R3_06",64828
"53_erythrose 4-phosphate (E4P)","IMS_40V_HALM_60h_R1_16",4398
"53_erythrose 4-phosphate (E4P)","IMS_40V_HALM_60h_R2_17",2596
"53_erythrose 4-phosphate (E4P)","IMS_40V_HALM_60h_R3_18",6368
"53_erythrose 4-phosphate (E4P)","IMS_40V_LAHM_36h_R1_10",65353
"53_erythrose 4-phosphate (E4P)","IMS_40V_LAHM_36h_R2_11",38245
"53_erythrose 4-phosphate (E4P)","IMS_40V_LAHM_36h_R3_12",29104
"53_erythrose 4-phosphate (E4P)","IMS_40V_LAHM_60h_R1_22",43698
"53_erythrose 4-phosphate (E4P)","IMS_40V_LAHM_60h_R2_23",31081
"53_erythrose 4-phosphate (E4P)","IMS_40V_LAHM_60h_R3_24",31490
"53_erythrose 4-phosphate (E4P)","IMS_40V_LALM_36h_R1_01",61312
"53_erythrose 4-phosphate (E4P)","IMS_40V_LALM_36h_R2_02",52509
"53_erythrose 4-phosphate (E4P)","IMS_40V_LALM_36h_R3_03",60325
"53_erythrose 4-phosphate (E4P)","IMS_40V_LALM_60h_R1_13",6673
"53_erythrose 4-phosphate (E4P)","IMS_40V_LALM_60h_R2_14",2738
"53_erythrose 4-phosphate (E4P)","IMS_40V_LALM_60h_R3_15",1166
"54_sedoheptulose 7-phosphate (S7P)","IMS_20V_HAHM_36h_R1_07",4099778
"54_sedoheptulose 7-phosphate (S7P)","IMS_20V_HAHM_36h_R2_08",3621805
"54_sedoheptulose 7-phosphate (S7P)","IMS_20V_HAHM_36h_R3_09",4087869
"54_sedoheptulose 7-phosphate (S7P)","IMS_20V_HAHM_60h_R1_19",3612348
"54_sedoheptulose 7-phosphate (S7P)","IMS_20V_HAHM_60h_R2_20",7198516
"54_sedoheptulose 7-phosphate (S7P)","IMS_20V_HAHM_60h_R3_21",3887608
"54_sedoheptulose 7-phosphate (S7P)","IMS_20V_HALM_36h_R1_04",6888535
"54_sedoheptulose 7-phosphate (S7P)","IMS_20V_HALM_36h_R2_05",7261485
"54_sedoheptulose 7-phosphate (S7P)","IMS_20V_HALM_36h_R3_06",6275271
"54_sedoheptulose 7-phosphate (S7P)","IMS_20V_HALM_60h_R1_16",749581
"54_sedoheptulose 7-phosphate (S7P)","IMS_20V_HALM_60h_R2_17",364967
"54_sedoheptulose 7-phosphate (S7P)","IMS_20V_HALM_60h_R3_18",500995
"54_sedoheptulose 7-phosphate (S7P)","IMS_20V_LAHM_36h_R1_10",2676246
"54_sedoheptulose 7-phosphate (S7P)","IMS_20V_LAHM_36h_R2_11",6845204
"54_sedoheptulose 7-phosphate (S7P)","IMS_20V_LAHM_36h_R3_12",5345326
"54_sedoheptulose 7-phosphate (S7P)","IMS_20V_LAHM_60h_R1_22",4232513
"54_sedoheptulose 7-phosphate (S7P)","IMS_20V_LAHM_60h_R2_23",5671999
"54_sedoheptulose 7-phosphate (S7P)","IMS_20V_LAHM_60h_R3_24",7836770
"54_sedoheptulose 7-phosphate (S7P)","IMS_20V_LALM_36h_R1_01",8942064
"54_sedoheptulose 7-phosphate (S7P)","IMS_20V_LALM_36h_R2_02",8861764
"54_sedoheptulose 7-phosphate (S7P)","IMS_20V_LALM_36h_R3_03",11397791
"54_sedoheptulose 7-phosphate (S7P)","IMS_20V_LALM_60h_R1_13",6389476
"54_sedoheptulose 7-phosphate (S7P)","IMS_20V_LALM_60h_R2_14",6988567
"54_sedoheptulose 7-phosphate (S7P)","IMS_20V_LALM_60h_R3_15",3879627
"54_sedoheptulose 7-phosphate (S7P)","IMS_40V_HAHM_36h_R1_07",3587743
"54_sedoheptulose 7-phosphate (S7P)","IMS_40V_HAHM_36h_R2_08",2662437
"54_sedoheptulose 7-phosphate (S7P)","IMS_40V_HAHM_36h_R3_09",4151629
"54_sedoheptulose 7-phosphate (S7P)","IMS_40V_HAHM_60h_R1_19",4774528
"54_sedoheptulose 7-phosphate (S7P)","IMS_40V_HAHM_60h_R2_20",7576666
"54_sedoheptulose 7-phosphate (S7P)","IMS_40V_HAHM_60h_R3_21",3425578
"54_sedoheptulose 7-phosphate (S7P)","IMS_40V_HALM_36h_R1_04",6445729
"54_sedoheptulose 7-phosphate (S7P)","IMS_40V_HALM_36h_R2_05",7368162
"54_sedoheptulose 7-phosphate (S7P)","IMS_40V_HALM_36h_R3_06",7841473
"54_sedoheptulose 7-phosphate (S7P)","IMS_40V_HALM_60h_R1_16",683730
"54_sedoheptulose 7-phosphate (S7P)","IMS_40V_HALM_60h_R2_17",388278
"54_sedoheptulose 7-phosphate (S7P)","IMS_40V_HALM_60h_R3_18",526709
"54_sedoheptulose 7-phosphate (S7P)","IMS_40V_LAHM_36h_R1_10",4740387
"54_sedoheptulose 7-phosphate (S7P)","IMS_40V_LAHM_36h_R2_11",5003673
"54_sedoheptulose 7-phosphate (S7P)","IMS_40V_LAHM_36h_R3_12",5742484
"54_sedoheptulose 7-phosphate (S7P)","IMS_40V_LAHM_60h_R1_22",4557661
"54_sedoheptulose 7-phosphate (S7P)","IMS_40V_LAHM_60h_R2_23",6497142
"54_sedoheptulose 7-phosphate (S7P)","IMS_40V_LAHM_60h_R3_24",7173785
"54_sedoheptulose 7-phosphate (S7P)","IMS_40V_LALM_36h_R1_01",9426034
"54_sedoheptulose 7-phosphate (S7P)","IMS_40V_LALM_36h_R2_02",9290666
"54_sedoheptulose 7-phosphate (S7P)","IMS_40V_LALM_36h_R3_03",11079128
"54_sedoheptulose 7-phosphate (S7P)","IMS_40V_LALM_60h_R1_13",5701538
"54_sedoheptulose 7-phosphate (S7P)","IMS_40V_LALM_60h_R2_14",6033331
"54_sedoheptulose 7-phosphate (S7P)","IMS_40V_LALM_60h_R3_15",3840520
"55_tryptophan","IMS_20V_HAHM_36h_R1_07",2277
"55_tryptophan","IMS_20V_HAHM_36h_R2_08",8446
"55_tryptophan","IMS_20V_HAHM_36h_R3_09",1986
"55_tryptophan","IMS_20V_HAHM_60h_R1_19",2487
"55_tryptophan","IMS_20V_HAHM_60h_R2_20",3218
"55_tryptophan","IMS_20V_HAHM_60h_R3_21",5077
"55_tryptophan","IMS_20V_HALM_36h_R1_04",7351
"55_tryptophan","IMS_20V_HALM_36h_R2_05",3136
"55_tryptophan","IMS_20V_HALM_36h_R3_06",522
"55_tryptophan","IMS_20V_HALM_60h_R1_16",34978
"55_tryptophan","IMS_20V_HALM_60h_R2_17",19532
"55_tryptophan","IMS_20V_HALM_60h_R3_18",30717
"55_tryptophan","IMS_20V_LAHM_36h_R1_10",2773
"55_tryptophan","IMS_20V_LAHM_36h_R2_11",2257
"55_tryptophan","IMS_20V_LAHM_36h_R3_12",5431
"55_tryptophan","IMS_20V_LAHM_60h_R1_22",7267
"55_tryptophan","IMS_20V_LAHM_60h_R2_23",33417
"55_tryptophan","IMS_20V_LAHM_60h_R3_24",10799
"55_tryptophan","IMS_20V_LALM_36h_R1_01",783
"55_tryptophan","IMS_20V_LALM_36h_R2_02",6528
"55_tryptophan","IMS_20V_LALM_36h_R3_03",2109
"55_tryptophan","IMS_20V_LALM_60h_R1_13",4742
"55_tryptophan","IMS_20V_LALM_60h_R2_14",12366
"55_tryptophan","IMS_20V_LALM_60h_R3_15",18546
"55_tryptophan","IMS_40V_HAHM_36h_R1_07",4439
"55_tryptophan","IMS_40V_HAHM_36h_R2_08",16363
"55_tryptophan","IMS_40V_HAHM_36h_R3_09",8540
"55_tryptophan","IMS_40V_HAHM_60h_R1_19",724
"55_tryptophan","IMS_40V_HAHM_60h_R2_20",6831
"55_tryptophan","IMS_40V_HAHM_60h_R3_21",2784
"55_tryptophan","IMS_40V_HALM_36h_R1_04",3261
"55_tryptophan","IMS_40V_HALM_36h_R2_05",597
"55_tryptophan","IMS_40V_HALM_36h_R3_06",3283
"55_tryptophan","IMS_40V_HALM_60h_R1_16",24916
"55_tryptophan","IMS_40V_HALM_60h_R2_17",23028
"55_tryptophan","IMS_40V_HALM_60h_R3_18",44728
"55_tryptophan","IMS_40V_LAHM_36h_R1_10",1629
"55_tryptophan","IMS_40V_LAHM_36h_R2_11",2944
"55_tryptophan","IMS_40V_LAHM_36h_R3_12",2907
"55_tryptophan","IMS_40V_LAHM_60h_R1_22",8435
"55_tryptophan","IMS_40V_LAHM_60h_R2_23",17235
"55_tryptophan","IMS_40V_LAHM_60h_R3_24",8017
"55_tryptophan","IMS_40V_LALM_36h_R1_01",8153
"55_tryptophan","IMS_40V_LALM_36h_R2_02",10663
"55_tryptophan","IMS_40V_LALM_36h_R3_03",13702
"55_tryptophan","IMS_40V_LALM_60h_R1_13",10261
"55_tryptophan","IMS_40V_LALM_60h_R2_14",18737
"55_tryptophan","IMS_40V_LALM_60h_R3_15",15288
"56_glutathione reduced","IMS_20V_HAHM_36h_R1_07",11419321
"56_glutathione reduced","IMS_20V_HAHM_36h_R2_08",10293480
"56_glutathione reduced","IMS_20V_HAHM_36h_R3_09",14186457
"56_glutathione reduced","IMS_20V_HAHM_60h_R1_19",18103118
"56_glutathione reduced","IMS_20V_HAHM_60h_R2_20",14122101
"56_glutathione reduced","IMS_20V_HAHM_60h_R3_21",15094623
"56_glutathione reduced","IMS_20V_HALM_36h_R1_04",2154281
"56_glutathione reduced","IMS_20V_HALM_36h_R2_05",5292897
"56_glutathione reduced","IMS_20V_HALM_36h_R3_06",843913
"56_glutathione reduced","IMS_20V_HALM_60h_R1_16",423335
"56_glutathione reduced","IMS_20V_HALM_60h_R2_17",254886
"56_glutathione reduced","IMS_20V_HALM_60h_R3_18",879077
"56_glutathione reduced","IMS_20V_LAHM_36h_R1_10",3187654
"56_glutathione reduced","IMS_20V_LAHM_36h_R2_11",10477790
"56_glutathione reduced","IMS_20V_LAHM_36h_R3_12",9729397
"56_glutathione reduced","IMS_20V_LAHM_60h_R1_22",12605623
"56_glutathione reduced","IMS_20V_LAHM_60h_R2_23",11317688
"56_glutathione reduced","IMS_20V_LAHM_60h_R3_24",15787080
"56_glutathione reduced","IMS_20V_LALM_36h_R1_01",27458348
"56_glutathione reduced","IMS_20V_LALM_36h_R2_02",23414264
"56_glutathione reduced","IMS_20V_LALM_36h_R3_03",20572812
"56_glutathione reduced","IMS_20V_LALM_60h_R1_13",17563720
"56_glutathione reduced","IMS_20V_LALM_60h_R2_14",13586157
"56_glutathione reduced","IMS_20V_LALM_60h_R3_15",16043187
"56_glutathione reduced","IMS_40V_HAHM_36h_R1_07",8368266
"56_glutathione reduced","IMS_40V_HAHM_36h_R2_08",7318864
"56_glutathione reduced","IMS_40V_HAHM_36h_R3_09",9643055
"56_glutathione reduced","IMS_40V_HAHM_60h_R1_19",12708608
"56_glutathione reduced","IMS_40V_HAHM_60h_R2_20",7565429
"56_glutathione reduced","IMS_40V_HAHM_60h_R3_21",11464682
"56_glutathione reduced","IMS_40V_HALM_36h_R1_04",1465476
"56_glutathione reduced","IMS_40V_HALM_36h_R2_05",3737296
"56_glutathione reduced","IMS_40V_HALM_36h_R3_06",579506
"56_glutathione reduced","IMS_40V_HALM_60h_R1_16",327918
"56_glutathione reduced","IMS_40V_HALM_60h_R2_17",108631
"56_glutathione reduced","IMS_40V_HALM_60h_R3_18",408405
"56_glutathione reduced","IMS_40V_LAHM_36h_R1_10",1539911
"56_glutathione reduced","IMS_40V_LAHM_36h_R2_11",7481317
"56_glutathione reduced","IMS_40V_LAHM_36h_R3_12",7167013
"56_glutathione reduced","IMS_40V_LAHM_60h_R1_22",8688976
"56_glutathione reduced","IMS_40V_LAHM_60h_R2_23",7275636
"56_glutathione reduced","IMS_40V_LAHM_60h_R3_24",10903932
"56_glutathione reduced","IMS_40V_LALM_36h_R1_01",18360614
"56_glutathione reduced","IMS_40V_LALM_36h_R2_02",18768346
"56_glutathione reduced","IMS_40V_LALM_36h_R3_03",14017835
"56_glutathione reduced","IMS_40V_LALM_60h_R1_13",8221371
"56_glutathione reduced","IMS_40V_LALM_60h_R2_14",7436709
"56_glutathione reduced","IMS_40V_LALM_60h_R3_15",9441135
"57_mannitol","IMS_20V_HAHM_36h_R1_07",1195369
"57_mannitol","IMS_20V_HAHM_36h_R2_08",2576702
"57_mannitol","IMS_20V_HAHM_36h_R3_09",1130586
"57_mannitol","IMS_20V_HAHM_60h_R1_19",1969982
"57_mannitol","IMS_20V_HAHM_60h_R2_20",1077730
"57_mannitol","IMS_20V_HAHM_60h_R3_21",4444126
"57_mannitol","IMS_20V_HALM_36h_R1_04",319592
"57_mannitol","IMS_20V_HALM_36h_R2_05",390991
"57_mannitol","IMS_20V_HALM_36h_R3_06",581984
"57_mannitol","IMS_20V_HALM_60h_R1_16",214058
"57_mannitol","IMS_20V_HALM_60h_R2_17",276697
"57_mannitol","IMS_20V_HALM_60h_R3_18",321365
"57_mannitol","IMS_20V_LAHM_36h_R1_10",1622978
"57_mannitol","IMS_20V_LAHM_36h_R2_11",1755873
"57_mannitol","IMS_20V_LAHM_36h_R3_12",1970027
"57_mannitol","IMS_20V_LAHM_60h_R1_22",1796153
"57_mannitol","IMS_20V_LAHM_60h_R2_23",6568720
"57_mannitol","IMS_20V_LAHM_60h_R3_24",2051381
"57_mannitol","IMS_20V_LALM_36h_R1_01",687308
"57_mannitol","IMS_20V_LALM_36h_R2_02",784550
"57_mannitol","IMS_20V_LALM_36h_R3_03",890171
"57_mannitol","IMS_20V_LALM_60h_R1_13",326825
"57_mannitol","IMS_20V_LALM_60h_R2_14",388927
"57_mannitol","IMS_20V_LALM_60h_R3_15",313051
"57_mannitol","IMS_40V_HAHM_36h_R1_07",1166428
"57_mannitol","IMS_40V_HAHM_36h_R2_08",2122913
"57_mannitol","IMS_40V_HAHM_36h_R3_09",765982
"57_mannitol","IMS_40V_HAHM_60h_R1_19",2145518
"57_mannitol","IMS_40V_HAHM_60h_R2_20",881359
"57_mannitol","IMS_40V_HAHM_60h_R3_21",3347418
"57_mannitol","IMS_40V_HALM_36h_R1_04",358765
"57_mannitol","IMS_40V_HALM_36h_R2_05",324273
"57_mannitol","IMS_40V_HALM_36h_R3_06",502842
"57_mannitol","IMS_40V_HALM_60h_R1_16",162292
"57_mannitol","IMS_40V_HALM_60h_R2_17",225251
"57_mannitol","IMS_40V_HALM_60h_R3_18",248372
"57_mannitol","IMS_40V_LAHM_36h_R1_10",1377165
"57_mannitol","IMS_40V_LAHM_36h_R2_11",1728776
"57_mannitol","IMS_40V_LAHM_36h_R3_12",1608150
"57_mannitol","IMS_40V_LAHM_60h_R1_22",1706389
"57_mannitol","IMS_40V_LAHM_60h_R2_23",5372970
"57_mannitol","IMS_40V_LAHM_60h_R3_24",2052254
"57_mannitol","IMS_40V_LALM_36h_R1_01",524948
"57_mannitol","IMS_40V_LALM_36h_R2_02",594362
"57_mannitol","IMS_40V_LALM_36h_R3_03",626204
"57_mannitol","IMS_40V_LALM_60h_R1_13",276135
"57_mannitol","IMS_40V_LALM_60h_R2_14",269378
"57_mannitol","IMS_40V_LALM_60h_R3_15",259201
"58_uridine","IMS_20V_HAHM_36h_R1_07",241527
"58_uridine","IMS_20V_HAHM_36h_R2_08",164610
"58_uridine","IMS_20V_HAHM_36h_R3_09",220041
"58_uridine","IMS_20V_HAHM_60h_R1_19",193815
"58_uridine","IMS_20V_HAHM_60h_R2_20",321373
"58_uridine","IMS_20V_HAHM_60h_R3_21",214889
"58_uridine","IMS_20V_HALM_36h_R1_04",240355
"58_uridine","IMS_20V_HALM_36h_R2_05",205735
"58_uridine","IMS_20V_HALM_36h_R3_06",162646
"58_uridine","IMS_20V_HALM_60h_R1_16",213804
"58_uridine","IMS_20V_HALM_60h_R2_17",40478
"58_uridine","IMS_20V_HALM_60h_R3_18",18810
"58_uridine","IMS_20V_LAHM_36h_R1_10",236965
"58_uridine","IMS_20V_LAHM_36h_R2_11",62883
"58_uridine","IMS_20V_LAHM_36h_R3_12",135434
"58_uridine","IMS_20V_LAHM_60h_R1_22",173791
"58_uridine","IMS_20V_LAHM_60h_R2_23",328753
"58_uridine","IMS_20V_LAHM_60h_R3_24",163843
"58_uridine","IMS_20V_LALM_36h_R1_01",50538
"58_uridine","IMS_20V_LALM_36h_R2_02",157481
"58_uridine","IMS_20V_LALM_36h_R3_03",102979
"58_uridine","IMS_20V_LALM_60h_R1_13",105635
"58_uridine","IMS_20V_LALM_60h_R2_14",79014
"58_uridine","IMS_20V_LALM_60h_R3_15",139039
"58_uridine","IMS_40V_HAHM_36h_R1_07",248396
"58_uridine","IMS_40V_HAHM_36h_R2_08",130712
"58_uridine","IMS_40V_HAHM_36h_R3_09",217689
"58_uridine","IMS_40V_HAHM_60h_R1_19",273709
"58_uridine","IMS_40V_HAHM_60h_R2_20",125992
"58_uridine","IMS_40V_HAHM_60h_R3_21",64946
"58_uridine","IMS_40V_HALM_36h_R1_04",193522
"58_uridine","IMS_40V_HALM_36h_R2_05",37651
"58_uridine","IMS_40V_HALM_36h_R3_06",180143
"58_uridine","IMS_40V_HALM_60h_R1_16",194398
"58_uridine","IMS_40V_HALM_60h_R2_17",181493
"58_uridine","IMS_40V_HALM_60h_R3_18",133648
"58_uridine","IMS_40V_LAHM_36h_R1_10",254340
"58_uridine","IMS_40V_LAHM_36h_R2_11",222717
"58_uridine","IMS_40V_LAHM_36h_R3_12",235528
"58_uridine","IMS_40V_LAHM_60h_R1_22",209355
"58_uridine","IMS_40V_LAHM_60h_R2_23",252402
"58_uridine","IMS_40V_LAHM_60h_R3_24",42633
"58_uridine","IMS_40V_LALM_36h_R1_01",40653
"58_uridine","IMS_40V_LALM_36h_R2_02",13989
"58_uridine","IMS_40V_LALM_36h_R3_03",48047
"58_uridine","IMS_40V_LALM_60h_R1_13",19339
"58_uridine","IMS_40V_LALM_60h_R2_14",65766
"58_uridine","IMS_40V_LALM_60h_R3_15",62200
"60_acetyl-CoA","IMS_20V_HAHM_36h_R1_07",20809
"60_acetyl-CoA","IMS_20V_HAHM_36h_R2_08",136619
"60_acetyl-CoA","IMS_20V_HAHM_36h_R3_09",23293
"60_acetyl-CoA","IMS_20V_HAHM_60h_R1_19",15421
"60_acetyl-CoA","IMS_20V_HAHM_60h_R2_20",25192
"60_acetyl-CoA","IMS_20V_HAHM_60h_R3_21",44110
"60_acetyl-CoA","IMS_20V_HALM_36h_R1_04",80549
"60_acetyl-CoA","IMS_20V_HALM_36h_R2_05",48668
"60_acetyl-CoA","IMS_20V_HALM_36h_R3_06",113576
"60_acetyl-CoA","IMS_20V_HALM_60h_R1_16",18812
"60_acetyl-CoA","IMS_20V_HALM_60h_R2_17",19110
"60_acetyl-CoA","IMS_20V_HALM_60h_R3_18",53142
"60_acetyl-CoA","IMS_20V_LAHM_36h_R1_10",33227
"60_acetyl-CoA","IMS_20V_LAHM_36h_R2_11",35728
"60_acetyl-CoA","IMS_20V_LAHM_36h_R3_12",33702
"60_acetyl-CoA","IMS_20V_LAHM_60h_R1_22",21420
"60_acetyl-CoA","IMS_20V_LAHM_60h_R2_23",14000
"60_acetyl-CoA","IMS_20V_LAHM_60h_R3_24",17917
"60_acetyl-CoA","IMS_20V_LALM_36h_R1_01",32218
"60_acetyl-CoA","IMS_20V_LALM_36h_R2_02",28316
"60_acetyl-CoA","IMS_20V_LALM_36h_R3_03",45245
"60_acetyl-CoA","IMS_20V_LALM_60h_R1_13",75695
"60_acetyl-CoA","IMS_20V_LALM_60h_R2_14",59659
"60_acetyl-CoA","IMS_20V_LALM_60h_R3_15",75619
"60_acetyl-CoA","IMS_40V_HAHM_36h_R1_07",70794
"60_acetyl-CoA","IMS_40V_HAHM_36h_R2_08",239287
"60_acetyl-CoA","IMS_40V_HAHM_36h_R3_09",77605
"60_acetyl-CoA","IMS_40V_HAHM_60h_R1_19",92871
"60_acetyl-CoA","IMS_40V_HAHM_60h_R2_20",55884
"60_acetyl-CoA","IMS_40V_HAHM_60h_R3_21",141935
"60_acetyl-CoA","IMS_40V_HALM_36h_R1_04",180409
"60_acetyl-CoA","IMS_40V_HALM_36h_R2_05",118491
"60_acetyl-CoA","IMS_40V_HALM_36h_R3_06",281900
"60_acetyl-CoA","IMS_40V_HALM_60h_R1_16",26213
"60_acetyl-CoA","IMS_40V_HALM_60h_R2_17",68434
"60_acetyl-CoA","IMS_40V_HALM_60h_R3_18",107901
"60_acetyl-CoA","IMS_40V_LAHM_36h_R1_10",94280
"60_acetyl-CoA","IMS_40V_LAHM_36h_R2_11",76741
"60_acetyl-CoA","IMS_40V_LAHM_36h_R3_12",75006
"60_acetyl-CoA","IMS_40V_LAHM_60h_R1_22",74690
"60_acetyl-CoA","IMS_40V_LAHM_60h_R2_23",54072
"60_acetyl-CoA","IMS_40V_LAHM_60h_R3_24",90291
"60_acetyl-CoA","IMS_40V_LALM_36h_R1_01",95236
"60_acetyl-CoA","IMS_40V_LALM_36h_R2_02",66936
"60_acetyl-CoA","IMS_40V_LALM_36h_R3_03",115627
"60_acetyl-CoA","IMS_40V_LALM_60h_R1_13",208606
"60_acetyl-CoA","IMS_40V_LALM_60h_R2_14",136493
"60_acetyl-CoA","IMS_40V_LALM_60h_R3_15",191951
"63_uridine monophosphate","IMS_20V_HAHM_36h_R1_07",12745815
"63_uridine monophosphate","IMS_20V_HAHM_36h_R2_08",11278550
"63_uridine monophosphate","IMS_20V_HAHM_36h_R3_09",12601020
"63_uridine monophosphate","IMS_20V_HAHM_60h_R1_19",7695976
"63_uridine monophosphate","IMS_20V_HAHM_60h_R2_20",7881626
"63_uridine monophosphate","IMS_20V_HAHM_60h_R3_21",8643462
"63_uridine monophosphate","IMS_20V_HALM_36h_R1_04",10832866
"63_uridine monophosphate","IMS_20V_HALM_36h_R2_05",10524797
"63_uridine monophosphate","IMS_20V_HALM_36h_R3_06",10256175
"63_uridine monophosphate","IMS_20V_HALM_60h_R1_16",6593403
"63_uridine monophosphate","IMS_20V_HALM_60h_R2_17",5208376
"63_uridine monophosphate","IMS_20V_HALM_60h_R3_18",6203537
"63_uridine monophosphate","IMS_20V_LAHM_36h_R1_10",14615635
"63_uridine monophosphate","IMS_20V_LAHM_36h_R2_11",16247148
"63_uridine monophosphate","IMS_20V_LAHM_36h_R3_12",14737819
"63_uridine monophosphate","IMS_20V_LAHM_60h_R1_22",7811487
"63_uridine monophosphate","IMS_20V_LAHM_60h_R2_23",11723976
"63_uridine monophosphate","IMS_20V_LAHM_60h_R3_24",9251300
"63_uridine monophosphate","IMS_20V_LALM_36h_R1_01",14279009
"63_uridine monophosphate","IMS_20V_LALM_36h_R2_02",16240564
"63_uridine monophosphate","IMS_20V_LALM_36h_R3_03",13954060
"63_uridine monophosphate","IMS_20V_LALM_60h_R1_13",8488817
"63_uridine monophosphate","IMS_20V_LALM_60h_R2_14",8877052
"63_uridine monophosphate","IMS_20V_LALM_60h_R3_15",8945691
"63_uridine monophosphate","IMS_40V_HAHM_36h_R1_07",12129222
"63_uridine monophosphate","IMS_40V_HAHM_36h_R2_08",11956694
"63_uridine monophosphate","IMS_40V_HAHM_36h_R3_09",13496348
"63_uridine monophosphate","IMS_40V_HAHM_60h_R1_19",7621172
"63_uridine monophosphate","IMS_40V_HAHM_60h_R2_20",7973922
"63_uridine monophosphate","IMS_40V_HAHM_60h_R3_21",8298044
"63_uridine monophosphate","IMS_40V_HALM_36h_R1_04",10533281
"63_uridine monophosphate","IMS_40V_HALM_36h_R2_05",10267480
"63_uridine monophosphate","IMS_40V_HALM_36h_R3_06",9262846
"63_uridine monophosphate","IMS_40V_HALM_60h_R1_16",4479928
"63_uridine monophosphate","IMS_40V_HALM_60h_R2_17",4677017
"63_uridine monophosphate","IMS_40V_HALM_60h_R3_18",4048591
"63_uridine monophosphate","IMS_40V_LAHM_36h_R1_10",12524377
"63_uridine monophosphate","IMS_40V_LAHM_36h_R2_11",16058731
"63_uridine monophosphate","IMS_40V_LAHM_36h_R3_12",14029196
"63_uridine monophosphate","IMS_40V_LAHM_60h_R1_22",6972578
"63_uridine monophosphate","IMS_40V_LAHM_60h_R2_23",11427782
"63_uridine monophosphate","IMS_40V_LAHM_60h_R3_24",7254027
"63_uridine monophosphate","IMS_40V_LALM_36h_R1_01",13335296
"63_uridine monophosphate","IMS_40V_LALM_36h_R2_02",14115901
"63_uridine monophosphate","IMS_40V_LALM_36h_R3_03",11795427
"63_uridine monophosphate","IMS_40V_LALM_60h_R1_13",6921204
"63_uridine monophosphate","IMS_40V_LALM_60h_R2_14",8443772
"63_uridine monophosphate","IMS_40V_LALM_60h_R3_15",6543849
"64_L-threonine","IMS_20V_HAHM_36h_R1_07",9030
"64_L-threonine","IMS_20V_HAHM_36h_R2_08",8518
"64_L-threonine","IMS_20V_HAHM_36h_R3_09",4595
"64_L-threonine","IMS_20V_HAHM_60h_R1_19",7205
"64_L-threonine","IMS_20V_HAHM_60h_R2_20",6304
"64_L-threonine","IMS_20V_HAHM_60h_R3_21",4163
"64_L-threonine","IMS_20V_HALM_36h_R1_04",13182
"64_L-threonine","IMS_20V_HALM_36h_R2_05",10642
"64_L-threonine","IMS_20V_HALM_36h_R3_06",12827
"64_L-threonine","IMS_20V_HALM_60h_R1_16",7181
"64_L-threonine","IMS_20V_HALM_60h_R2_17",1097
"64_L-threonine","IMS_20V_HALM_60h_R3_18",7756
"64_L-threonine","IMS_20V_LAHM_36h_R1_10",8457
"64_L-threonine","IMS_20V_LAHM_36h_R2_11",2532
"64_L-threonine","IMS_20V_LAHM_36h_R3_12",5759
"64_L-threonine","IMS_20V_LAHM_60h_R1_22",29273
"64_L-threonine","IMS_20V_LAHM_60h_R2_23",9341
"64_L-threonine","IMS_20V_LAHM_60h_R3_24",330
"64_L-threonine","IMS_20V_LALM_36h_R1_01",14282
"64_L-threonine","IMS_20V_LALM_36h_R2_02",17374
"64_L-threonine","IMS_20V_LALM_36h_R3_03",15158
"64_L-threonine","IMS_20V_LALM_60h_R1_13",7499
"64_L-threonine","IMS_20V_LALM_60h_R2_14",23591
"64_L-threonine","IMS_20V_LALM_60h_R3_15",9217
"64_L-threonine","IMS_40V_HAHM_36h_R1_07",6684
"64_L-threonine","IMS_40V_HAHM_36h_R2_08",50183
"64_L-threonine","IMS_40V_HAHM_36h_R3_09",7299
"64_L-threonine","IMS_40V_HAHM_60h_R1_19",5060
"64_L-threonine","IMS_40V_HAHM_60h_R2_20",6331
"64_L-threonine","IMS_40V_HAHM_60h_R3_21",7833
"64_L-threonine","IMS_40V_HALM_36h_R1_04",9683
"64_L-threonine","IMS_40V_HALM_36h_R2_05",13140
"64_L-threonine","IMS_40V_HALM_36h_R3_06",9610
"64_L-threonine","IMS_40V_HALM_60h_R1_16",18033
"64_L-threonine","IMS_40V_HALM_60h_R2_17",3615
"64_L-threonine","IMS_40V_HALM_60h_R3_18",4158
"64_L-threonine","IMS_40V_LAHM_36h_R1_10",1195
"64_L-threonine","IMS_40V_LAHM_36h_R2_11",5567
"64_L-threonine","IMS_40V_LAHM_36h_R3_12",7411
"64_L-threonine","IMS_40V_LAHM_60h_R1_22",7902
"64_L-threonine","IMS_40V_LAHM_60h_R2_23",18333
"64_L-threonine","IMS_40V_LAHM_60h_R3_24",11391
"64_L-threonine","IMS_40V_LALM_36h_R1_01",21801
"64_L-threonine","IMS_40V_LALM_36h_R2_02",13501
"64_L-threonine","IMS_40V_LALM_36h_R3_03",10234
"64_L-threonine","IMS_40V_LALM_60h_R1_13",8987
"64_L-threonine","IMS_40V_LALM_60h_R2_14",3234
"64_L-threonine","IMS_40V_LALM_60h_R3_15",4832
